TransactionID,SaleDate,CustomerID,ProductID,StoreID,CampaignID,SaleAmount,DiscountPercent,PaymentType
1,2025-05-04,1034,2059,402,0,2048.2,10,Debit
2,2025-05-04,1066,2048,403,1,321.87,15,Credit
3,2025-05-04,1116,2041,403,3,3216.84,5,Credit
4,2025-05-04,1071,2096,404,2,1613.23,20,Debit
5,2025-05-04,1020,2060,401,0,408.38,10,Debit
6,2025-05-04,1089,2028,401,0,1275.88,10,Credit
7,2025-05-04,1193,2003,402,1,346.66,15,Debit
8,2025-05-04,1005,2079,402,1,855.49,5,Credit
9,2025-05-04,1032,2060,401,1,735.08,20,Credit
10,2025-05-04,1119,2089,403,2,661.63,10,15.25
11,2025-05-04,1042,2077,401,,505.65,10,Debit
12,2025-05-04,1079,2013,401,2,0.0,15,Credit
13,2025-05-04,1147,2086,404,3,4470.5,5,Debit
14,2025-05-04,1183,2025,401,1,503.32,20,Credit
15,2025-05-04,1026,2089,403,0,413.52,10,Credit
16,2025-05-04,1144,2005,403,3,1715.12,10,Debit
17,2025-05-04,1169,2047,401,2,535.97,15,Debit
18,2025-05-04,1003,2053,404,0,3660.9,5,Credit
19,2025-05-04,1110,2046,404,1,30.09,20,Debit
20,2025-05-04,1111,2022,403,3,671.18,10,Credit
21,2025-05-04,1119,2055,403,2,?,10,Credit
22,2025-05-04,1062,2011,403,3,1229.22,15,Debit
23,2025-05-04,1062,2096,404,3,672.18,5,Debit
24,2025-05-04,1086,2003,404,2,924.43,20,Credit
25,2025-05-04,1046,2062,402,2,1981.95,10,Debit
26,2025-05-04,1066,2043,403,2,698.76,10,Credit
27,2025-05-04,1142,2001,402,0,1237.05,15,Credit
28,2025-05-04,1061,2092,404,3,482.21,5,Debit
29,2025-05-04,1142,2097,402,3,4210.5,20,Debit
30,2025-05-04,1165,2091,404,3,4528.95,10,Credit
31,2023-13-01,1004,2011,403,1,737.53,10,Debit
32,2025-05-04,1103,2088,402,2,0.0,15,Credit
33,2025-05-04,1169,2074,403,3,0.0,5,Credit
34,2025-05-04,1141,2067,403,3,872.85,20,Debit
35,2025-05-04,1190,2070,403,2,54.69,10,Debit
36,2025-05-04,1179,2058,403,2,1066.8,10,Credit
37,2025-05-04,1064,2029,401,1,12.16,15,Debit
38,2025-05-04,1080,2015,402,1,3037.36,5,Credit
39,2025-05-04,1055,2094,404,2,1578.72,20,Credit
40,2025-05-04,1185,2075,403,0,0.0,10,Debit
41,2025-05-04,9999,2037,402,2,288.11,10,Debit
42,2025-05-04,1045,2038,401,1,1667.72,15,Credit
43,2025-05-04,1070,2005,401,2,686.05,5,Debit
44,2025-05-04,1178,2016,404,0,0.0,20,Credit
45,2025-05-04,1003,2073,403,3,1498.29,10,Credit
46,2025-05-04,1122,2056,403,1,944.5,10,Debit
47,2025-05-04,1013,2032,404,0,2836.8,15,Debit
48,2025-05-04,1016,2051,404,0,117.32,5,Credit
49,2025-05-04,1147,2080,401,1,0.0,20,Debit
50,2025-05-04,1038,2072,403,0,840.6,10,Credit
51,2025-05-04,1063,2015,404,1,1214.95,10,Credit
52,2025-05-04,1198,2066,404,3,516.06,15,Debit
53,2025-05-04,1113,2038,404,2,2223.62,5,Debit
54,2025-05-04,1145,2079,401,0,1901.08,20,Credit
55,2025-05-04,1195,2026,402,2,507.74,10,Debit
56,2025-05-04,1169,2010,402,1,140.11,10,Credit
57,2025-05-04,1044,2070,401,1,0.0,15,Credit
58,2025-05-04,1000,2052,404,3,2193.78,5,Debit
59,2025-05-04,1074,2004,402,2,741.8,20,Debit
60,2025-05-04,1180,2036,404,0,217.98,10,Credit
61,2025-05-04,1175,2029,403,1,36.48,10,Debit
62,2025-05-04,1108,2014,402,1,221.67,15,Credit
63,2025-05-04,1068,2018,401,0,2169.04,5,Credit
64,2025-05-04,1042,2039,403,3,2929.32,20,Debit
65,2025-05-04,1031,2059,403,3,0.0,10,Debit
66,2025-05-04,1069,2064,404,3,1470.2,10,Credit
67,2025-05-04,1020,2076,401,3,4836.42,15,Debit
68,2025-05-04,1188,2041,403,0,1608.42,5,Credit
69,2025-05-04,1023,2029,401,2,0.0,20,Credit
70,2025-05-04,1147,2005,402,3,0.0,10,Debit
71,2025-05-04,1132,2083,404,2,614.53,10,Debit
72,2025-05-04,1046,2074,404,3,659.5,15,Credit
73,2025-05-04,1023,2060,403,3,1225.14,5,Debit
74,2025-05-04,1085,2041,401,1,1447.58,20,Credit
75,2025-05-04,1084,2052,404,2,2925.04,10,Credit
76,2025-05-04,1169,2051,401,3,117.32,10,Debit
77,2025-05-04,1022,2040,403,2,55.26,15,Debit
78,2025-05-04,1029,2098,404,0,3631.44,5,Credit
79,2025-05-04,1168,2069,404,3,232.39,20,Debit
80,2025-05-04,1013,2024,403,3,372.81,10,Credit
81,2025-05-04,1160,2056,401,1,472.25,10,Credit
82,2025-05-04,1068,2070,402,2,109.38,15,Debit
83,2025-05-04,1112,2089,404,0,2067.6,5,Debit
84,2025-05-04,1007,2080,402,1,1498.07,20,Credit
85,2025-05-04,1079,2070,401,3,34.18,10,Debit
86,2025-05-04,1023,2028,401,3,2551.76,10,Credit
87,2025-05-04,1030,2082,402,3,799.8,15,Credit
88,2025-05-04,1183,2037,403,3,2160.84,5,Debit
89,2025-05-04,1123,2060,402,3,2450.28,20,Debit
90,2025-05-04,1141,2018,404,1,2440.17,10,Credit
91,2025-05-04,1153,2065,402,0,470.34,10,Debit
92,2025-05-04,1070,2098,404,2,0.0,15,Credit
93,2025-05-04,1129,2034,401,2,108.94,5,Credit
94,2025-05-04,1185,2038,404,1,1667.72,20,Debit
95,2025-05-04,1114,2068,404,2,656.19,10,Debit
96,2025-05-04,1085,2070,404,3,0.0,10,Credit
97,2025-05-04,1082,2024,402,3,372.81,15,Debit
98,2025-05-04,1059,2099,404,0,1292.64,5,Credit
99,2025-05-04,1081,2095,404,3,490.79,20,Credit
100,2025-05-04,1098,2084,402,3,0.0,10,Debit
101,2025-05-04,1009,2016,403,0,969.06,10,Debit
102,2025-05-04,1112,2012,404,0,1869.57,15,Credit
103,2025-05-04,1184,2018,404,1,488.03,5,Debit
104,2025-05-04,1019,2060,403,2,0.0,20,Credit
105,2025-05-04,1159,2088,404,0,0.0,10,Credit
106,2025-05-04,1084,2086,404,2,2861.12,10,Debit
107,2025-05-04,1160,2091,404,0,905.79,15,Debit
108,2025-05-04,1158,2008,402,2,159.82,5,Credit
109,2025-05-04,1058,2095,401,3,2453.95,20,Debit
110,2025-05-04,1025,2097,401,3,842.1,10,Credit
111,2025-05-04,1042,2088,403,0,709.35,10,Credit
112,2025-05-04,1011,2041,401,2,0.0,15,Debit
113,2025-05-04,1091,2047,404,1,0.0,5,Debit
114,2025-05-04,1062,2067,404,1,0.0,20,Credit
115,2025-05-04,1043,2022,401,3,2684.72,10,Debit
116,2025-05-04,1158,2087,402,3,477.96,10,Credit
117,2025-05-04,1149,2018,402,3,1626.78,15,Credit
118,2025-05-04,1163,2032,404,2,756.48,5,Debit
119,2025-05-04,1170,2001,404,2,659.76,20,Debit
120,2025-05-04,1173,2069,402,0,464.78,10,Credit
121,2025-05-04,1113,2044,403,3,0.0,10,Debit
122,2025-05-04,1176,2032,404,2,756.48,15,Credit
123,2025-05-04,1050,2049,404,0,2819.52,5,Credit
124,2025-05-04,1060,2048,403,2,1144.42,20,Debit
125,2025-05-04,1179,2037,401,3,1440.56,10,Debit
126,2025-05-04,1070,2001,401,3,0.0,10,Credit
127,2025-05-04,1073,2099,402,2,0.0,15,Debit
128,2025-05-04,1056,2081,402,2,0.0,5,Credit
129,2025-05-04,1173,2096,402,0,672.18,20,Credit
130,2025-05-04,1160,2082,401,2,426.56,10,Debit
131,2025-05-04,1112,2004,403,1,1669.05,10,Debit
132,2025-05-04,1023,2037,403,3,2160.84,15,Credit
133,2025-05-04,1044,2025,402,2,223.7,5,Debit
134,2025-05-04,1135,2064,403,1,793.91,20,Credit
135,2025-05-04,1065,2061,403,2,639.74,10,Credit
136,2025-05-04,1029,2059,401,1,921.69,10,Debit
137,2025-05-04,1193,2028,404,2,1531.06,15,Debit
138,2025-05-04,1023,2050,401,2,298.85,5,Credit
139,2025-05-04,1137,2015,404,2,539.98,20,Debit
140,2025-05-04,1172,2095,403,3,2453.95,10,Credit
141,2025-05-04,1163,2047,401,1,301.48,10,Credit
142,2025-05-04,1120,2003,403,1,1039.99,15,Debit
143,2025-05-04,1165,2008,404,2,53.27,5,Debit
144,2025-05-04,1166,2052,401,1,658.13,20,Credit
145,2025-05-04,1011,2004,403,3,3709.0,10,Debit
146,2025-05-04,1029,2012,402,1,0.0,10,Credit
147,2025-05-04,1099,2058,403,3,666.75,15,Credit
148,2025-05-04,1150,2095,402,3,490.79,5,Debit
149,2025-05-04,1167,2012,404,3,0.0,20,Debit
150,2025-05-04,1071,2004,403,1,834.52,10,Credit
151,2025-05-04,1113,2056,402,2,839.55,10,Debit
152,2025-05-04,1025,2087,403,2,0.0,15,Credit
153,2025-05-04,1015,2050,403,1,504.31,5,Credit
154,2025-05-04,1031,2058,401,1,2400.3,20,Debit
155,2025-05-04,1164,2081,401,0,2984.88,10,Debit
156,2025-05-04,1085,2031,402,1,508.77,10,Credit
157,2025-05-04,1017,2097,402,1,757.89,15,Debit
158,2025-05-04,1059,2042,402,0,0.0,5,Credit
159,2025-05-04,1070,2018,402,2,0.0,20,Credit
160,2025-05-04,1044,2014,401,1,886.68,10,Debit
161,2025-05-04,1003,2045,402,2,499.42,10,Debit
162,2025-05-04,1004,2022,403,0,671.18,15,Credit
163,2025-05-04,1032,2094,404,0,493.35,5,Debit
164,2025-05-04,1190,2008,404,3,266.36,20,Credit
165,2025-05-04,1199,2046,401,3,167.15,10,Credit
166,2025-05-04,1128,2028,401,2,2041.41,10,Debit
167,2025-05-04,1117,2082,401,0,799.8,15,Debit
168,2025-05-04,1122,2051,404,0,234.64,5,Credit
169,2025-05-04,1125,2091,404,0,1811.58,20,Debit
170,2025-05-04,1020,2041,402,0,0.0,10,Credit
171,2025-05-04,1032,2035,403,3,4499.95,10,Credit
172,2025-05-04,1152,2067,403,3,872.85,15,Debit
173,2025-05-04,1129,2077,404,0,2809.15,5,Debit
174,2025-05-04,1179,2014,402,3,738.9,20,Credit
175,2025-05-04,1115,2029,404,2,0.0,10,Debit
176,2025-05-04,1116,2051,404,0,351.96,10,Credit
177,2025-05-04,1080,2054,403,2,3602.04,15,Credit
178,2025-05-04,1095,2019,404,0,933.93,5,Debit
179,2025-05-04,1023,2010,401,3,0.0,20,Debit
180,2025-05-04,1024,2095,403,1,3533.69,10,Credit
181,2025-05-04,1142,2007,403,0,583.39,10,Debit
182,2025-05-04,1105,2045,404,0,624.28,15,Credit
183,2025-05-04,1073,2076,403,2,1934.57,5,Credit
184,2025-05-04,1026,2073,402,1,1797.95,20,Debit
185,2025-05-04,1168,2061,402,0,599.76,10,Debit
186,2025-05-04,1089,2071,403,0,0.0,10,Credit
187,2025-05-04,1195,2035,402,3,0.0,15,Debit
188,2025-05-04,1143,2098,401,2,2178.86,5,Credit
189,2025-05-04,1007,2023,403,2,751.63,20,Credit
190,2025-05-04,1086,2044,401,1,373.64,10,Debit
191,2025-05-04,1036,2072,404,0,1260.9,10,Debit
192,2025-05-04,1036,2094,401,0,2466.75,15,Credit
193,2025-05-04,1191,2067,402,3,872.85,5,Debit
194,2025-05-04,1107,2058,403,1,1800.22,20,Credit
195,2025-05-04,1094,2039,403,0,1952.88,10,Credit
196,2025-05-04,1013,2019,402,0,0.0,10,Debit
197,2025-05-04,1172,2010,403,3,0.0,15,Debit
198,2025-05-04,1169,2054,404,3,900.51,5,Credit
199,2025-05-04,1106,2034,402,0,136.17,20,Debit
200,2025-05-04,1088,2055,401,2,129.46,10,Credit
201,2025-05-04,1173,2086,404,2,715.28,10,Credit
202,2025-05-04,1011,2028,404,0,0.0,15,Debit
203,2025-05-04,1001,2026,403,1,190.4,5,Debit
204,2025-05-04,1196,2017,403,2,370.96,20,Credit
205,2025-05-04,1083,2015,401,3,0.0,10,Debit
206,2025-05-04,1191,2055,402,1,48.55,10,Credit
207,2025-05-04,1097,2068,402,2,1312.38,15,Credit
208,2025-05-04,1018,2050,401,3,0.0,5,Debit
209,2025-05-04,1004,2058,401,2,1066.8,20,Debit
210,2025-05-04,1147,2054,404,3,2701.53,10,Credit
211,2025-05-04,1074,2014,404,0,738.9,10,Debit
212,2025-05-04,1083,2021,404,2,668.33,15,Credit
213,2025-05-04,1022,2055,401,1,97.09,5,Credit
214,2025-05-04,1111,2075,404,0,1561.28,20,Debit
215,2025-05-04,1101,2039,403,1,2636.39,10,Debit
216,2025-05-04,1085,2099,402,0,646.32,10,Credit
217,2025-05-04,1130,2081,401,1,1343.2,15,Debit
218,2025-05-04,1198,2044,403,1,186.82,5,Credit
219,2025-05-04,1060,2013,402,2,0.0,20,Credit
220,2025-05-04,1050,2022,402,0,671.18,10,Debit
221,2025-05-04,1045,2098,404,3,907.86,10,Debit
222,2025-05-04,1193,2072,404,2,1681.2,15,Credit
223,2025-05-04,1160,2040,402,3,138.16,5,Debit
224,2025-05-04,1017,2060,404,2,0.0,20,Credit
225,2025-05-04,1070,2075,401,2,624.51,10,Credit
226,2025-05-04,1129,2009,403,3,198.93,10,Debit
227,2025-05-04,1115,2004,401,2,2225.4,15,Debit
228,2025-05-04,1073,2009,401,3,66.31,5,Credit
229,2025-05-04,1118,2074,401,3,659.5,20,Debit
230,2025-05-04,1146,2083,402,2,614.53,10,Credit
231,2025-05-04,1154,2060,402,0,408.38,10,Credit
232,2025-05-04,1115,2013,403,0,2806.08,15,Debit
233,2025-05-04,1129,2082,402,0,1066.4,5,Debit
234,2025-05-04,1063,2090,404,3,71.64,20,Credit
235,2025-05-04,1134,2066,402,2,1238.54,10,Debit
236,2025-05-04,1095,2036,404,3,653.94,10,Credit
237,2025-05-04,1198,2043,401,2,1397.52,15,Credit
238,2025-05-04,1016,2042,401,3,0.0,5,Debit
239,2025-05-04,1072,2032,402,2,1512.96,20,Debit
240,2025-05-04,1020,2074,402,2,527.6,10,Credit
241,2025-05-04,1079,2083,404,1,691.34,10,Debit
242,2025-05-04,1152,2090,401,2,57.31,15,Credit
243,2025-05-04,1143,2048,403,1,0.0,5,Credit
244,2025-05-04,1171,2089,401,3,1654.08,20,Debit
245,2025-05-04,1130,2046,401,2,106.98,10,Debit
246,2025-05-04,1079,2023,402,2,3006.53,10,Credit
247,2025-05-04,1196,2062,402,1,1114.85,15,Debit
248,2025-05-04,1035,2019,401,2,0.0,5,Credit
249,2025-05-04,1025,2064,401,2,705.7,20,Credit
250,2025-05-04,1196,2079,402,3,2851.62,10,Debit
251,2025-05-04,1039,2020,402,1,338.25,10,Debit
252,2025-05-04,1184,2056,401,3,1574.16,15,Credit
253,2025-05-04,1093,2086,402,3,3576.4,5,Debit
254,2025-05-04,1156,2036,404,1,392.36,20,Credit
255,2025-05-04,1136,2030,403,3,509.91,10,Credit
256,2025-05-04,1049,2047,404,3,1674.9,10,Debit
257,2025-05-04,1196,2036,404,3,0.0,15,Debit
258,2025-05-04,1041,2025,402,2,671.09,5,Credit
259,2025-05-04,1013,2082,404,2,1066.4,20,Debit
260,2025-05-04,1141,2013,401,2,748.29,10,Credit
261,2025-05-04,1021,2097,402,2,673.68,10,Credit
262,2025-05-04,1115,2065,402,3,1881.36,15,Debit
263,2025-05-04,1023,2028,404,2,510.35,5,Debit
264,2025-05-04,1006,2053,401,3,610.15,20,Credit
265,2025-05-04,1128,2047,402,3,1004.94,10,Debit
266,2025-05-04,1020,2047,402,0,669.96,10,Credit
267,2025-05-04,1081,2012,403,1,1682.61,15,Credit
268,2025-05-04,1035,2004,403,3,927.25,5,Debit
269,2025-05-04,1178,2017,404,3,1854.8,20,Debit
270,2025-05-04,1157,2000,401,0,1938.62,10,Credit
271,2025-05-04,1065,2027,402,3,775.83,10,Debit
272,2025-05-04,1028,2099,403,1,3490.13,15,Credit
273,2025-05-04,1077,2015,401,1,1822.42,5,Credit
274,2025-05-04,1107,2081,404,0,2238.66,20,Debit
275,2025-05-04,1028,2063,401,1,994.43,10,Debit
276,2025-05-04,1183,2018,403,3,2711.3,10,Credit
277,2025-05-04,1000,2078,403,1,0.0,15,Debit
278,2025-05-04,1146,2053,402,0,1220.3,5,Credit
279,2025-05-04,1134,2046,401,0,33.43,20,Credit
280,2025-05-04,1099,2060,401,3,1633.52,10,Debit
281,2025-05-04,1095,2032,401,2,1512.96,10,Debit
282,2025-05-04,1017,2044,402,0,207.58,15,Credit
283,2025-05-04,1197,2074,403,1,593.55,5,Debit
284,2025-05-04,1011,2045,403,1,842.78,20,Credit
285,2025-05-04,1199,2087,404,3,159.32,10,Credit
286,2025-05-04,1161,2023,402,0,939.54,10,Debit
287,2025-05-04,1183,2099,404,0,1292.64,15,Debit
288,2025-05-04,1075,2025,401,1,0.0,5,Credit
289,2025-05-04,1010,2040,403,3,138.16,20,Debit
290,2025-05-04,1139,2060,403,0,1225.14,10,Credit
291,2025-05-04,1192,2082,402,2,213.28,10,Credit
292,2025-05-04,1091,2099,401,2,1034.11,15,Debit
293,2025-05-04,1069,2015,403,3,2699.88,5,Debit
294,2025-05-04,1102,2095,404,3,1472.37,20,Credit
295,2025-05-04,1086,2023,404,3,3758.16,10,Debit
296,2025-05-04,1094,2066,403,0,1032.12,10,Credit
297,2025-05-04,1186,2054,401,3,0.0,15,Credit
298,2025-05-04,1154,2023,403,2,751.63,5,Debit
299,2025-05-04,1026,2010,403,2,62.27,20,Debit
300,2025-05-04,1078,2057,404,1,393.28,10,Credit
301,2025-05-04,1176,2056,403,3,524.72,10,Debit
302,2025-05-04,1010,2093,403,3,0.0,15,Credit
303,2025-05-04,1070,2081,401,0,1492.44,5,Credit
304,2025-05-04,1171,2081,404,2,596.98,20,Debit
305,2025-05-04,1131,2095,402,0,1472.37,10,Debit
306,2025-05-04,1036,2077,404,0,1123.66,10,Credit
307,2025-05-04,1032,2008,402,2,106.54,15,Debit
308,2025-05-04,1092,2049,401,1,0.0,5,Credit
309,2025-05-04,1173,2057,403,2,349.58,20,Credit
310,2025-05-04,1113,2097,401,1,757.89,10,Debit
311,2025-05-04,1135,2046,404,2,80.23,10,Debit
312,2025-05-04,1166,2035,402,0,899.99,15,Credit
313,2025-05-04,1006,2094,402,3,1480.05,5,Debit
314,2025-05-04,1132,2049,401,2,1503.74,20,Credit
315,2025-05-04,1198,2033,404,1,2257.88,10,Credit
316,2025-05-04,1156,2036,404,1,784.73,10,Debit
317,2025-05-04,1031,2017,401,3,0.0,15,Debit
318,2025-05-04,1044,2091,404,0,1811.58,5,Credit
319,2025-05-04,1174,2040,403,0,34.54,20,Debit
320,2025-05-04,1140,2069,403,2,557.74,10,Credit
321,2025-05-04,1040,2091,402,2,724.63,10,Credit
322,2025-05-04,1130,2028,401,1,574.15,15,Debit
323,2025-05-04,1035,2030,404,0,339.94,5,Debit
324,2025-05-04,1092,2070,403,3,102.54,20,Credit
325,2025-05-04,1141,2016,401,0,0.0,10,Debit
326,2025-05-04,1079,2050,404,3,186.78,10,Credit
327,2025-05-04,1196,2052,401,1,2632.54,15,Credit
328,2025-05-04,1081,2082,401,3,1066.4,5,Debit
329,2025-05-04,1119,2087,403,1,0.0,20,Debit
330,2025-05-04,1199,2070,402,1,30.76,10,Credit
331,2025-05-04,1110,2064,401,0,0.0,10,Debit
332,2025-05-04,1132,2019,403,1,1681.07,15,Credit
333,2025-05-04,1041,2041,402,2,643.37,5,Credit
334,2025-05-04,1132,2036,401,2,348.77,20,Debit
335,2025-05-04,1050,2081,403,1,2686.39,10,Debit
336,2025-05-04,1160,2038,401,1,0.0,10,Credit
337,2025-05-04,1151,2074,402,1,1187.1,15,Debit
338,2025-05-04,1168,2079,403,0,1901.08,5,Credit
339,2025-05-04,1007,2010,401,2,62.27,20,Credit
340,2025-05-04,1166,2026,404,0,0.0,10,Debit
341,2025-05-04,1127,2080,403,2,1997.42,10,Debit
342,2025-05-04,1123,2031,404,2,1356.72,15,Credit
343,2025-05-04,1116,2009,401,1,119.36,5,Debit
344,2025-05-04,1112,2053,404,3,0.0,20,Credit
345,2025-05-04,1052,2043,402,2,698.76,10,Credit
346,2025-05-04,1183,2040,403,3,103.62,10,Debit
347,2025-05-04,1033,2097,403,0,4210.5,15,Debit
348,2025-05-04,1081,2030,404,0,339.94,5,Credit
349,2025-05-04,1068,2057,402,1,1179.85,20,Debit
350,2025-05-04,1024,2006,403,3,594.0,10,Credit
351,2025-05-04,1157,2053,402,1,1098.27,10,Credit
352,2025-05-04,1083,2073,403,1,2247.44,15,Debit
353,2025-05-04,1195,2020,404,3,1879.15,5,Debit
354,2025-05-04,1127,2039,404,0,1952.88,20,Credit
355,2025-05-04,1023,2050,404,1,0.0,10,Debit
356,2025-05-04,1055,2074,403,0,1978.5,10,Credit
357,2025-05-04,1012,2036,404,3,653.94,15,Credit
358,2025-05-04,1073,2068,401,0,2460.72,5,Debit
359,2025-05-04,1110,2017,403,2,370.96,20,Debit
360,2025-05-04,1195,2051,403,0,117.32,10,Credit
361,2025-05-04,1102,2006,402,2,792.0,10,Debit
362,2025-05-04,1141,2036,401,3,871.92,15,Credit
363,2025-05-04,1129,2057,403,0,1747.92,5,Credit
364,2025-05-04,1032,2012,404,2,997.1,20,Debit
365,2025-05-04,1086,2071,403,1,553.64,10,Debit
366,2025-05-04,1050,2077,404,0,561.83,10,Credit
367,2025-05-04,1011,2004,402,2,0.0,15,Debit
368,2025-05-04,1121,2066,404,1,0.0,5,Credit
369,2025-05-04,1155,2065,402,2,1128.82,20,Credit
370,2025-05-04,1156,2040,402,3,138.16,10,Debit
371,2025-05-04,1157,2094,403,2,1578.72,10,Debit
372,2025-05-04,1129,2065,404,2,752.54,15,Credit
373,2025-05-04,1121,2002,403,2,2771.2,5,Debit
374,2025-05-04,1172,2014,404,2,197.04,20,Credit
375,2025-05-04,1185,2088,401,3,2128.05,10,Credit
376,2025-05-04,1067,2083,402,0,0.0,10,Debit
377,2025-05-04,1149,2061,402,3,1199.52,15,Debit
378,2025-05-04,1037,2087,402,0,318.64,5,Credit
379,2025-05-04,1146,2089,401,1,744.34,20,Debit
380,2025-05-04,1004,2056,403,3,2098.88,10,Credit
381,2025-05-04,1038,2052,402,3,2193.78,10,Credit
382,2025-05-04,1128,2099,404,0,3877.92,15,Debit
383,2025-05-04,1180,2017,402,2,741.92,5,Debit
384,2025-05-04,1169,2061,404,2,319.87,20,Credit
385,2025-05-04,1044,2058,403,2,1066.8,10,Debit
386,2025-05-04,1173,2098,403,3,3631.44,10,Credit
387,2025-05-04,1049,2031,403,2,1356.72,15,Credit
388,2025-05-04,1057,2038,403,1,2501.58,5,Debit
389,2025-05-04,1176,2090,404,2,343.87,20,Debit
390,2025-05-04,1122,2044,403,2,166.06,10,Credit
391,2025-05-04,1031,2073,404,3,1498.29,10,Debit
392,2025-05-04,1088,2098,402,2,726.29,15,Credit
393,2025-05-04,1010,2036,401,2,348.77,5,Credit
394,2025-05-04,1113,2083,403,3,3072.64,20,Debit
395,2025-05-04,1054,2025,403,2,671.09,10,Debit
396,2025-05-04,1035,2013,402,1,1683.65,10,Credit
397,2025-05-04,1012,2085,402,1,217.94,15,Debit
398,2025-05-04,1013,2012,404,2,1994.21,5,Credit
399,2025-05-04,1183,2060,401,1,367.54,20,Credit
400,2025-05-04,1001,2070,402,3,102.54,10,Debit
401,2025-05-04,1167,2060,404,1,735.08,10,Debit
402,2025-05-04,1193,2036,403,2,348.77,15,Credit
403,2025-05-04,1165,2007,401,1,0.0,5,Debit
404,2025-05-04,1136,2094,401,1,1776.06,20,Credit
405,2025-05-04,1106,2022,401,3,671.18,10,Credit
406,2025-05-04,1126,2023,403,0,0.0,10,Debit
407,2025-05-04,1002,2038,401,2,1482.42,15,Debit
408,2025-05-04,1072,2058,404,1,1200.15,5,Credit
409,2025-05-04,1129,2059,403,1,1382.54,20,Debit
410,2025-05-04,1028,2042,402,3,502.83,10,Credit
411,2025-05-04,1165,2032,402,0,0.0,10,Credit
412,2025-05-04,1188,2043,403,1,1572.21,15,Debit
413,2025-05-04,1044,2078,404,3,426.03,5,Debit
414,2025-05-04,1131,2041,401,3,3216.84,20,Credit
415,2025-05-04,1171,2012,402,1,1121.74,10,Debit
416,2025-05-04,1122,2041,402,0,1608.42,10,Credit
417,2025-05-04,1066,2049,402,3,0.0,15,Credit
418,2025-05-04,1192,2034,403,2,326.81,5,Debit
419,2025-05-04,1149,2092,401,2,1157.3,20,Debit
420,2025-05-04,1167,2046,402,0,133.72,10,Credit
421,2025-05-04,1170,2015,404,2,0.0,10,Debit
422,2025-05-04,1040,2051,403,0,469.28,15,Credit
423,2025-05-04,1163,2037,403,1,0.0,5,Credit
424,2025-05-04,1056,2017,404,1,834.66,20,Debit
425,2025-05-04,1116,2095,403,3,490.79,10,Debit
426,2025-05-04,1179,2070,404,1,61.52,10,Credit
427,2025-05-04,1195,2031,401,3,1695.9,15,Debit
428,2025-05-04,1135,2090,403,0,0.0,5,Credit
429,2025-05-04,1144,2014,401,1,443.34,20,Credit
430,2025-05-04,1146,2068,402,1,2952.86,10,Debit
431,2025-05-04,1083,2066,404,0,516.06,10,Debit
432,2025-05-04,1174,2026,404,0,423.12,15,Credit
433,2025-05-04,1130,2057,401,3,1747.92,5,Debit
434,2025-05-04,1033,2065,404,3,0.0,20,Credit
435,2025-05-04,1144,2007,404,2,933.42,10,Credit
436,2025-05-04,1185,2002,404,2,692.8,10,Debit
437,2025-05-04,1000,2095,402,0,0.0,15,Debit
438,2025-05-04,1011,2054,403,0,900.51,5,Credit
439,2025-05-04,1138,2007,401,3,2333.56,20,Debit
440,2025-05-04,1008,2036,404,1,196.18,10,Credit
441,2025-05-04,1196,2017,404,2,741.92,10,Credit
442,2025-05-04,1097,2057,404,3,436.98,15,Debit
443,2025-05-04,1020,2087,402,2,637.28,5,Debit
444,2025-05-04,1030,2022,404,1,604.06,20,Credit
445,2025-05-04,1186,2028,401,0,2551.76,10,Debit
446,2025-05-04,1076,2059,404,3,1536.15,10,Credit
447,2025-05-04,1058,2031,404,2,0.0,15,Credit
448,2025-05-04,1039,2035,402,0,899.99,5,Debit
449,2025-05-04,1008,2084,404,0,845.55,20,Debit
450,2025-05-04,1061,2026,401,0,423.12,10,Credit
451,2025-05-04,1152,2004,404,0,2781.75,10,Debit
452,2025-05-04,1062,2094,401,3,1973.4,15,Credit
453,2025-05-04,1112,2029,402,0,13.51,5,Credit
454,2025-05-04,1035,2064,403,1,0.0,20,Debit
455,2025-05-04,1187,2073,403,2,399.54,10,Debit
456,2025-05-04,1060,2038,402,1,3335.44,10,Credit
457,2025-05-04,1105,2038,403,0,1853.02,15,Debit
458,2025-05-04,1142,2075,402,3,3903.2,5,Credit
459,2025-05-04,1142,2063,401,2,1325.9,20,Credit
460,2025-05-04,1164,2085,404,2,387.44,10,Debit
461,2025-05-04,1178,2053,404,1,1647.4,10,Debit
462,2025-05-04,1076,2048,402,3,1072.89,15,Credit
463,2025-05-04,1061,2028,403,1,1148.29,5,Debit
464,2025-05-04,1118,2007,404,3,1750.17,20,Credit
465,2025-05-04,1142,2067,402,3,1163.8,10,Credit
466,2025-05-04,1062,2032,402,2,756.48,10,Debit
467,2025-05-04,1165,2010,404,2,124.54,15,Debit
468,2025-05-04,1023,2068,402,0,2460.72,5,Credit
469,2025-05-04,1068,2048,401,0,715.26,20,Debit
470,2025-05-04,1048,2097,402,3,0.0,10,Credit
471,2025-05-04,1053,2042,403,0,167.61,10,Credit
472,2025-05-04,1054,2024,401,3,372.81,15,Debit
473,2025-05-04,1062,2089,402,3,1240.56,5,Debit
474,2025-05-04,1061,2070,403,2,27.34,20,Credit
475,2025-05-04,1097,2059,403,2,0.0,10,Debit
476,2025-05-04,1066,2046,404,3,200.58,10,Credit
477,2025-05-04,1025,2092,404,2,771.54,15,Credit
478,2025-05-04,1052,2047,403,3,334.98,5,Debit
479,2025-05-04,1011,2072,402,1,756.54,20,Debit
480,2025-05-04,1004,2033,404,2,0.0,10,Credit
481,2025-05-04,1039,2025,403,1,503.32,10,Debit
482,2025-05-04,1097,2072,402,3,420.3,15,Credit
483,2025-05-04,1140,2083,403,2,1843.58,5,Credit
484,2025-05-04,1195,2062,404,3,3096.8,20,Debit
485,2025-05-04,1043,2093,403,1,1360.69,10,Debit
486,2025-05-04,1035,2092,404,1,0.0,10,Credit
487,2025-05-04,1138,2082,401,0,533.2,15,Debit
488,2025-05-04,1019,2085,401,0,484.3,5,Credit
489,2025-05-04,1105,2017,402,0,1391.1,20,Credit
490,2025-05-04,1181,2019,401,1,4202.68,10,Debit
491,2025-05-04,1129,2058,403,0,1333.5,10,Debit
492,2025-05-04,1158,2081,404,3,2984.88,15,Credit
493,2025-05-04,1004,2000,404,0,2907.93,5,Debit
494,2025-05-04,1004,2067,403,2,465.52,20,Credit
495,2025-05-04,1004,2064,404,1,1323.18,10,Credit
496,2025-05-04,1027,2012,402,1,1121.74,10,Debit
497,2025-05-04,1049,2079,403,2,3802.16,15,Debit
498,2025-05-04,1068,2050,401,2,0.0,5,Credit
499,2025-05-04,1103,2058,402,1,600.08,20,Debit
500,2025-05-04,1076,2087,401,0,159.32,10,Credit
501,2025-05-04,1023,2051,404,3,351.96,10,Credit
502,2025-05-04,1141,2060,401,0,408.38,15,Debit
503,2025-05-04,1179,2021,401,3,835.41,5,Debit
504,2025-05-04,1111,2082,403,0,0.0,20,Credit
505,2025-05-04,1135,2005,402,1,1157.71,10,Debit
506,2025-05-04,1177,2072,404,2,1008.72,10,Credit
507,2025-05-04,1011,2009,403,0,0.0,15,Credit
508,2025-05-04,1045,2040,401,1,31.09,5,Debit
509,2025-05-04,1150,2018,404,0,1084.52,20,Debit
510,2025-05-04,1076,2020,402,3,2254.98,10,Credit
511,2025-05-04,1173,2069,403,3,232.39,10,Debit
512,2025-05-04,1193,2094,402,0,1480.05,15,Credit
513,2025-05-04,1128,2095,403,0,0.0,5,Credit
514,2025-05-04,1025,2055,402,0,107.88,20,Debit
515,2025-05-04,1087,2077,404,2,449.46,10,Debit
516,2025-05-04,1007,2081,403,3,746.22,10,Credit
517,2025-05-04,1125,2029,403,3,40.53,15,Debit
518,2025-05-04,1110,2023,404,0,1879.08,5,Credit
519,2025-05-04,1197,2079,403,1,855.49,20,Credit
520,2025-05-04,1182,2009,401,2,53.05,10,Debit
521,2025-05-04,1039,2048,402,3,357.63,10,Debit
522,2025-05-04,1081,2046,401,0,33.43,15,Credit
523,2025-05-04,1001,2039,404,2,2343.46,5,Debit
524,2025-05-04,1194,2034,401,1,245.11,20,Credit
525,2025-05-04,1022,2023,404,3,5637.24,10,Credit
526,2025-05-04,1142,2071,404,0,615.16,10,Debit
527,2025-05-04,1006,2011,403,0,1229.22,15,Debit
528,2025-05-04,1152,2076,403,3,2418.21,5,Credit
529,2025-05-04,1003,2037,404,3,1440.56,20,Debit
530,2025-05-04,1199,2010,402,1,210.17,10,Credit
531,2025-05-04,1175,2048,402,1,965.6,10,Credit
532,2025-05-04,1068,2038,403,3,0.0,15,Debit
533,2025-05-04,1037,2008,402,3,266.36,5,Debit
534,2025-05-04,1070,2053,403,3,1830.45,20,Credit
535,2025-05-04,1005,2009,403,2,53.05,10,Debit
536,2025-05-04,1063,2092,404,1,867.98,10,Credit
537,2025-05-04,1117,2013,402,2,2244.86,15,Credit
538,2025-05-04,1001,2050,403,3,0.0,5,Debit
539,2025-05-04,1084,2056,403,3,1574.16,20,Debit
540,2025-05-04,1166,2076,402,2,0.0,10,Credit
541,2025-05-04,1082,2077,402,3,0.0,10,Debit
542,2025-05-04,1080,2022,404,2,1073.89,15,Credit
543,2025-05-04,1074,2094,404,1,444.02,5,Credit
544,2025-05-04,1083,2048,403,3,0.0,20,Debit
545,2025-05-04,1093,2014,402,1,221.67,10,Debit
546,2025-05-04,1174,2098,401,3,2723.58,10,Credit
547,2025-05-04,1181,2026,404,2,507.74,15,Debit
548,2025-05-04,1177,2008,404,3,332.95,5,Credit
549,2025-05-04,1035,2081,403,1,1343.2,20,Credit
550,2025-05-04,1064,2084,402,3,845.55,10,Debit
551,2025-05-04,1096,2009,404,3,198.93,10,Debit
552,2025-05-04,1149,2051,404,0,0.0,15,Credit
553,2025-05-04,1092,2089,401,0,827.04,5,Debit
554,2025-05-04,1196,2031,403,1,1526.31,20,Credit
555,2025-05-04,1165,2078,401,3,142.01,10,Credit
556,2025-05-04,1192,2042,404,0,1005.66,10,Debit
557,2025-05-04,1002,2012,403,1,560.87,15,Debit
558,2025-05-04,1130,2095,402,3,1963.16,5,Credit
559,2025-05-04,1095,2050,404,1,168.1,20,Debit
560,2025-05-04,1088,2003,404,0,385.18,10,Credit
561,2025-05-04,1075,2053,401,0,1830.45,10,Credit
562,2025-05-04,1186,2018,403,2,1301.42,15,Debit
563,2025-05-04,1087,2058,402,3,2667.0,5,Debit
564,2025-05-04,1089,2060,401,3,408.38,20,Credit
565,2025-05-04,1184,2089,404,2,1984.9,10,Debit
566,2025-05-04,1017,2038,401,0,0.0,10,Credit
567,2025-05-04,1005,2043,401,1,786.1,15,Credit
568,2025-05-04,1189,2031,402,1,2035.08,5,Debit
569,2025-05-04,1084,2071,404,3,0.0,20,Debit
570,2025-05-04,1059,2051,402,1,527.94,10,Credit
571,2025-05-04,1163,2084,404,3,845.55,10,Debit
572,2025-05-04,1007,2094,402,3,493.35,15,Credit
573,2025-05-04,1151,2054,404,0,0.0,5,Credit
574,2025-05-04,1180,2027,402,2,0.0,20,Debit
575,2025-05-04,1192,2090,401,0,286.56,10,Debit
576,2025-05-04,1137,2023,403,2,1503.26,10,Credit
577,2025-05-04,1050,2058,401,2,1066.8,15,Debit
578,2025-05-04,1171,2062,403,3,619.36,5,Credit
579,2025-05-04,1156,2050,401,2,0.0,20,Credit
580,2025-05-04,1090,2058,402,2,1066.8,10,Debit
581,2025-05-04,1157,2075,401,1,702.58,10,Debit
582,2025-05-04,1080,2015,402,2,1619.93,15,Credit
583,2025-05-04,1029,2023,403,1,0.0,5,Debit
584,2025-05-04,1130,2049,404,1,845.86,20,Credit
585,2025-05-04,1147,2049,404,1,845.86,10,Credit
586,2025-05-04,1124,2081,402,1,2686.39,10,Debit
587,2025-05-04,1125,2036,402,1,588.55,15,Debit
588,2025-05-04,1080,2057,401,2,699.17,5,Credit
589,2025-05-04,1002,2062,402,1,1114.85,20,Debit
590,2025-05-04,1098,2071,404,3,1845.48,10,Credit
591,2025-05-04,1175,2062,404,3,1858.08,10,Credit
592,2025-05-04,1125,2021,401,0,1670.82,15,Debit
593,2025-05-04,1194,2028,403,0,637.94,5,Debit
594,2025-05-04,1070,2028,403,1,0.0,20,Credit
595,2025-05-04,1199,2058,404,0,2667.0,10,Debit
596,2025-05-04,1146,2014,403,2,0.0,10,Credit
597,2025-05-04,1138,2096,401,3,2688.72,15,Credit
598,2025-05-04,1139,2027,404,0,258.61,5,Debit
599,2025-05-04,1188,2083,402,2,1229.06,20,Debit
600,2025-05-04,1008,2057,403,2,699.17,10,Credit
601,2025-05-04,1022,2056,401,1,2361.24,10,Debit
602,2025-05-04,1053,2094,403,3,493.35,15,Credit
603,2025-05-04,1042,2078,402,1,127.81,5,Credit
604,2025-05-04,1052,2007,403,2,2333.56,20,Debit
605,2025-05-04,1152,2068,402,2,656.19,10,Debit
606,2025-05-04,1180,2037,403,2,288.11,10,Credit
607,2025-05-04,1131,2086,401,1,2414.07,15,Debit
608,2025-05-04,1192,2052,401,2,0.0,5,Credit
609,2025-05-04,1167,2016,402,1,290.72,20,Credit
610,2025-05-04,1037,2091,403,1,0.0,10,Debit
611,2025-05-04,1194,2086,404,3,0.0,10,Debit
612,2025-05-04,1036,2073,403,3,1997.72,15,Credit
613,2025-05-04,1096,2057,401,0,1310.94,5,Debit
614,2025-05-04,1103,2065,403,2,376.27,20,Credit
615,2025-05-04,1116,2062,403,0,1238.72,10,Credit
616,2025-05-04,1198,2093,401,3,0.0,10,Debit
617,2025-05-04,1162,2085,403,0,0.0,15,Debit
618,2025-05-04,1136,2050,402,3,933.9,5,Credit
619,2025-05-04,1054,2063,403,2,441.97,20,Debit
620,2025-05-04,1072,2043,402,3,4367.25,10,Credit
621,2025-05-04,1087,2087,401,0,637.28,10,Credit
622,2025-05-04,1025,2080,404,0,3329.04,15,Debit
623,2025-05-04,1031,2020,404,3,1127.49,5,Debit
624,2025-05-04,1000,2054,402,1,1620.92,20,Credit
625,2025-05-04,1166,2038,402,2,2223.62,10,Debit
626,2025-05-04,1023,2083,403,2,1229.06,10,Credit
627,2025-05-04,1021,2047,402,0,1674.9,15,Credit
628,2025-05-04,1101,2080,403,1,3745.17,5,Debit
629,2025-05-04,1109,2083,401,0,768.16,20,Debit
630,2025-05-04,1000,2027,404,0,517.22,10,Credit
631,2025-05-04,1033,2075,402,3,780.64,10,Debit
632,2025-05-04,1002,2001,403,0,824.7,15,Credit
633,2025-05-04,1108,2088,402,3,3546.75,5,Credit
634,2025-05-04,1018,2029,404,0,27.02,20,Debit
635,2025-05-04,1187,2013,401,2,2993.15,10,Debit
636,2025-05-04,1094,2038,402,3,926.51,10,Credit
637,2025-05-04,1198,2096,402,1,1814.89,15,Debit
638,2025-05-04,1017,2067,401,1,523.71,5,Credit
639,2025-05-04,1112,2044,402,1,560.47,20,Credit
640,2025-05-04,1105,2078,404,1,383.43,10,Debit
641,2025-05-04,1022,2012,402,0,623.19,10,Debit
642,2025-05-04,1150,2093,404,2,1814.26,15,Credit
643,2025-05-04,1109,2040,402,1,31.09,5,Debit
644,2025-05-04,1070,2082,401,1,719.82,20,Credit
645,2025-05-04,1141,2076,403,0,3224.28,10,Credit
646,2025-05-04,1168,2038,402,1,1667.72,10,Debit
647,2025-05-04,1191,2050,403,0,560.34,15,Debit
648,2025-05-04,1005,2030,404,3,679.88,5,Credit
649,2025-05-04,1028,2030,404,0,509.91,20,Debit
650,2025-05-04,1135,2001,403,2,989.64,10,Credit
651,2025-05-04,1033,2049,404,2,751.87,10,Credit
652,2025-05-04,1139,2087,402,3,0.0,15,Debit
653,2025-05-04,1197,2009,401,0,265.24,5,Debit
654,2025-05-04,1003,2033,402,0,836.25,20,Credit
655,2025-05-04,1015,2050,403,3,560.34,10,Debit
656,2025-05-04,1108,2089,404,0,413.52,10,Credit
657,2025-05-04,1163,2068,402,2,3280.96,15,Credit
658,2025-05-04,1021,2039,401,1,878.8,5,Debit
659,2025-05-04,1039,2068,403,3,2460.72,20,Debit
660,2025-05-04,1150,2081,401,2,1193.95,10,Credit
661,2025-05-04,1178,2055,402,0,53.94,10,Debit
662,2025-05-04,1062,2011,404,0,0.0,15,Credit
663,2025-05-04,1116,2078,401,2,0.0,5,Credit
664,2025-05-04,1170,2094,402,0,986.7,20,Debit
665,2025-05-04,1003,2090,402,0,143.28,10,Debit
666,2025-05-04,1041,2063,403,2,1325.9,10,Credit
667,2025-05-04,1042,2047,402,2,803.95,15,Debit
668,2025-05-04,1187,2015,401,2,0.0,5,Credit
669,2025-05-04,1109,2034,401,2,326.81,20,Credit
670,2025-05-04,1182,2073,401,3,499.43,10,Debit
671,2025-05-04,1116,2065,403,0,470.34,10,Debit
672,2025-05-04,1127,2072,402,2,1008.72,15,Credit
673,2025-05-04,1040,2032,401,0,0.0,5,Debit
674,2025-05-04,1058,2094,401,0,493.35,20,Credit
675,2025-05-04,1003,2031,401,3,1695.9,10,Credit
676,2025-05-04,1093,2049,402,1,1691.71,10,Debit
677,2025-05-04,1009,2070,404,1,30.76,15,Debit
678,2025-05-04,1082,2031,404,2,452.24,5,Credit
679,2025-05-04,1069,2009,403,0,0.0,20,Debit
680,2025-05-04,1128,2086,401,1,804.69,10,Credit
681,2025-05-04,1057,2066,401,3,1548.18,10,Credit
682,2025-05-04,1017,2059,403,2,409.64,15,Debit
683,2025-05-04,1083,2011,404,0,1638.96,5,Debit
684,2025-05-04,1094,2025,403,2,223.7,20,Credit
685,2025-05-04,1189,2079,402,3,3802.16,10,Debit
686,2025-05-04,1094,2075,404,1,702.58,10,Credit
687,2025-05-04,1187,2069,402,1,627.45,15,Credit
688,2025-05-04,1001,2052,401,1,0.0,5,Debit
689,2025-05-04,1138,2044,401,2,166.06,20,Debit
690,2025-05-04,1000,2097,404,2,1347.36,10,Credit
691,2025-05-04,1026,2026,402,3,211.56,10,Debit
692,2025-05-04,1125,2007,402,2,933.42,15,Credit
693,2025-05-04,1023,2005,402,3,1286.34,5,Credit
694,2025-05-04,1179,2047,404,0,669.96,20,Debit
695,2025-05-04,1148,2012,402,3,3115.95,10,Debit
696,2025-05-04,1019,2075,401,3,2341.92,10,Credit
697,2025-05-04,1169,2016,402,2,775.25,15,Debit
698,2025-05-04,1066,2040,404,2,55.26,5,Credit
699,2025-05-04,1081,2057,403,1,393.28,20,Credit
700,2025-05-04,1019,2025,402,0,559.24,10,Debit
701,2025-05-04,1039,2013,402,3,4676.8,10,Debit
702,2025-05-04,1119,2040,404,0,69.08,15,Credit
703,2025-05-04,1137,2045,402,3,0.0,5,Debit
704,2025-05-04,1078,2059,403,0,1536.15,20,Credit
705,2025-05-04,1023,2020,403,0,0.0,10,Credit
706,2025-05-04,1055,2041,402,0,4021.05,10,Debit
707,2025-05-04,1182,2031,403,3,1695.9,15,Debit
708,2025-05-04,1131,2006,403,2,475.2,5,Credit
709,2025-05-04,1044,2003,404,3,1155.54,20,Debit
710,2025-05-04,1142,2095,402,0,2453.95,10,Credit
711,2025-05-04,1118,2013,402,0,1870.72,10,Credit
712,2025-05-04,1003,2007,402,1,1050.1,15,Debit
713,2025-05-04,1050,2051,403,0,117.32,5,Debit
714,2025-05-04,1149,2075,403,0,780.64,20,Credit
715,2025-05-04,1005,2008,402,3,466.13,10,Debit
716,2025-05-04,1032,2011,403,0,409.74,10,Credit
717,2025-05-04,1010,2059,401,1,921.69,15,Credit
718,2025-05-04,1146,2055,404,3,0.0,5,Debit
719,2025-05-04,1007,2048,404,1,1287.47,20,Debit
720,2025-05-04,1090,2027,402,2,413.78,10,Credit
721,2025-05-04,1071,2057,402,0,1310.94,10,Debit
722,2025-05-04,1157,2079,402,2,2281.3,15,Credit
723,2025-05-04,1127,2052,404,0,2193.78,5,Credit
724,2025-05-04,1022,2035,404,1,1619.98,20,Debit
725,2025-05-04,1107,2025,402,0,279.62,10,Debit
726,2025-05-04,1097,2091,403,3,2717.37,10,Credit
727,2025-05-04,1139,2062,403,2,1486.46,15,Debit
728,2025-05-04,1099,2034,402,0,408.51,5,Credit
729,2025-05-04,1081,2076,402,0,2418.21,20,Credit
730,2025-05-04,1199,2035,401,3,2699.97,10,Debit
731,2025-05-04,1135,2045,402,1,842.78,10,Debit
732,2025-05-04,1025,2031,402,2,904.48,15,Credit
733,2025-05-04,1136,2094,401,1,0.0,5,Debit
734,2025-05-04,1147,2049,403,1,3383.42,20,Credit
735,2025-05-04,1045,2030,403,2,407.93,10,Credit
736,2025-05-04,1151,2003,403,1,693.32,10,Debit
737,2025-05-04,1144,2024,404,2,298.25,15,Debit
738,2025-05-04,1044,2062,401,0,1238.72,5,Credit
739,2025-05-04,1014,2029,402,0,13.51,20,Debit
740,2025-05-04,1134,2061,401,2,639.74,10,Credit
741,2025-05-04,1157,2025,402,2,671.09,10,Credit
742,2025-05-04,1183,2022,403,0,2684.72,15,Debit
743,2025-05-04,1005,2018,402,0,542.26,5,Debit
744,2025-05-04,1134,2046,401,2,53.49,20,Credit
745,2025-05-04,1180,2084,404,0,281.85,10,Debit
746,2025-05-04,1086,2038,403,1,1667.72,10,Credit
747,2025-05-04,1040,2093,404,3,755.94,15,Credit
748,2025-05-04,1166,2040,402,2,27.63,5,Debit
749,2025-05-04,1057,2085,402,3,1452.9,20,Debit
750,2025-05-04,1078,2093,403,1,0.0,10,Credit
751,2025-05-04,1045,2093,401,3,2267.82,10,Debit
752,2025-05-04,1197,2072,401,1,1513.08,15,Credit
753,2025-05-04,1154,2040,402,0,69.08,5,Credit
754,2025-05-04,1127,2018,403,0,0.0,20,Debit
755,2025-05-04,1060,2044,403,1,934.11,10,Debit
756,2025-05-04,1162,2011,403,3,1229.22,10,Credit
757,2025-05-04,1002,2033,402,1,3010.5,15,Debit
758,2025-05-04,1177,2008,403,2,159.82,5,Credit
759,2025-05-04,1027,2092,401,0,482.21,20,Credit
760,2025-05-04,1098,2056,404,1,944.5,10,Debit
761,2025-05-04,1105,2063,404,2,2209.84,10,Debit
762,2025-05-04,1139,2048,401,3,357.63,15,Credit
763,2025-05-04,1147,2083,402,1,691.34,5,Debit
764,2025-05-04,1115,2009,401,2,53.05,20,Credit
765,2025-05-04,1005,2040,403,0,103.62,10,Credit
766,2025-05-04,1018,2043,402,3,2620.35,10,Debit
767,2025-05-04,1041,2093,401,0,755.94,15,Debit
768,2025-05-04,1086,2076,404,0,0.0,5,Credit
769,2025-05-04,1110,2083,402,3,768.16,20,Debit
770,2025-05-04,1040,2006,401,2,0.0,10,Credit
771,2025-05-04,1052,2024,404,2,298.25,10,Credit
772,2025-05-04,1169,2036,403,1,392.36,15,Debit
773,2025-05-04,1024,2006,404,3,0.0,5,Debit
774,2025-05-04,1039,2006,403,0,198.0,20,Credit
775,2025-05-04,1109,2011,403,3,1638.96,10,Debit
776,2025-05-04,1051,2012,401,1,1121.74,10,Credit
777,2025-05-04,1043,2081,403,0,746.22,15,Credit
778,2025-05-04,1121,2014,403,3,985.2,5,Debit
779,2025-05-04,1120,2062,403,0,2477.44,20,Debit
780,2025-05-04,1164,2069,404,1,0.0,10,Credit
781,2025-05-04,1094,2048,403,1,321.87,10,Debit
782,2025-05-04,1114,2005,403,3,428.78,15,Credit
783,2025-05-04,1119,2033,402,2,1338.0,5,Credit
784,2025-05-04,1144,2007,402,0,1166.78,20,Debit
785,2025-05-04,1021,2085,403,3,0.0,10,Debit
786,2025-05-04,1193,2075,402,0,1561.28,10,Credit
787,2025-05-04,1099,2066,404,3,0.0,15,Debit
788,2025-05-04,1146,2030,404,2,543.9,5,Credit
789,2025-05-04,1020,2050,401,1,168.1,20,Credit
790,2025-05-04,1030,2096,404,1,3024.81,10,Debit
791,2025-05-04,1042,2027,402,1,232.75,10,Debit
792,2025-05-04,1010,2054,401,3,900.51,15,Credit
793,2025-05-04,1051,2080,402,2,0.0,5,Debit
794,2025-05-04,1081,2093,401,0,755.94,20,Credit
795,2025-05-04,1099,2071,404,2,984.26,10,Credit
796,2025-05-04,1070,2066,404,0,0.0,10,Debit
797,2025-05-04,1179,2079,404,0,2851.62,15,Debit
798,2025-05-04,1106,2019,402,0,3735.72,5,Credit
799,2025-05-04,1027,2072,401,2,672.48,20,Debit
800,2025-05-04,1137,2044,404,2,830.32,10,Credit
801,2025-05-04,1098,2083,404,3,2304.48,10,Credit
802,2025-05-04,1009,2022,403,3,2684.72,15,Debit
803,2025-05-04,1036,2079,404,0,950.54,5,Debit
804,2025-05-04,1101,2042,402,0,335.22,20,Credit
805,2025-05-04,1190,2060,403,2,0.0,10,Debit
806,2025-05-04,1005,2043,403,2,2096.28,10,Credit
807,2025-05-04,1071,2062,401,1,557.42,15,Credit
808,2025-05-04,1034,2038,404,2,2223.62,5,Debit
809,2025-05-04,1068,2093,404,0,2267.82,20,Debit
810,2025-05-04,1048,2056,402,3,524.72,10,Credit
811,2025-05-04,1189,2062,403,0,1858.08,10,Debit
812,2025-05-04,1131,2020,401,2,0.0,15,Credit
813,2025-05-04,1181,2064,404,1,264.64,5,Credit
814,2025-05-04,1199,2067,401,1,0.0,20,Debit
815,2025-05-04,1049,2025,401,1,503.32,10,Debit
816,2025-05-04,1008,2058,401,2,533.4,10,Credit
817,2025-05-04,1180,2025,403,2,894.78,15,Debit
818,2025-05-04,1118,2064,404,0,882.12,5,Credit
819,2025-05-04,1174,2003,402,2,308.14,20,Credit
820,2025-05-04,1125,2076,404,1,725.46,10,Debit
821,2025-05-04,1121,2075,403,2,2498.05,10,Debit
822,2025-05-04,1041,2033,401,2,669.0,15,Credit
823,2025-05-04,1007,2049,401,1,845.86,5,Debit
824,2025-05-04,1146,2099,402,1,581.69,20,Credit
825,2025-05-04,1165,2028,402,2,1531.06,10,Credit
826,2025-05-04,1166,2052,401,0,731.26,10,Debit
827,2025-05-04,1121,2016,402,0,646.04,15,Debit
828,2025-05-04,1057,2032,403,2,3782.4,5,Credit
829,2025-05-04,1108,2048,403,3,357.63,20,Debit
830,2025-05-04,1064,2027,404,2,413.78,10,Credit
831,2025-05-04,1173,2066,404,0,2580.3,10,Credit
832,2025-05-04,1001,2065,403,2,376.27,15,Debit
833,2025-05-04,1076,2087,401,3,796.6,5,Debit
834,2025-05-04,1016,2043,403,2,2795.04,20,Credit
835,2025-05-04,1070,2033,403,1,752.62,10,Debit
836,2025-05-04,1038,2066,402,0,1032.12,10,Credit
837,2025-05-04,1153,2051,403,1,316.76,15,Credit
838,2025-05-04,1184,2003,404,2,1848.86,5,Debit
839,2025-05-04,1066,2053,404,3,0.0,20,Debit
840,2025-05-04,1188,2004,402,2,2967.2,10,Credit
841,2025-05-04,1185,2091,402,3,3623.16,10,Debit
842,2025-05-04,1171,2045,403,1,280.93,15,Credit
843,2025-05-04,1168,2071,402,2,1968.51,5,Credit
844,2025-05-04,1024,2060,402,2,326.7,20,Debit
845,2025-05-04,1185,2071,402,2,984.26,10,Debit
846,2025-05-04,1167,2011,402,2,327.79,10,Credit
847,2025-05-04,1057,2095,403,3,2453.95,15,Debit
848,2025-05-04,1084,2047,403,2,803.95,5,Credit
849,2025-05-04,1118,2015,404,0,4049.82,20,Credit
850,2025-05-04,1162,2074,401,3,659.5,10,Debit
851,2025-05-04,1049,2064,401,3,882.12,10,Debit
852,2025-05-04,1135,2038,404,0,926.51,15,Credit
853,2025-05-04,1038,2017,402,2,741.92,5,Debit
854,2025-05-04,1104,2072,404,1,1134.81,20,Credit
855,2025-05-04,1080,2091,402,0,2717.37,10,Credit
856,2025-05-04,1124,2042,402,2,0.0,10,Debit
857,2025-05-04,1162,2007,401,3,583.39,15,Debit
858,2025-05-04,1070,2026,402,1,190.4,5,Credit
859,2025-05-04,1125,2097,401,1,3031.56,20,Debit
860,2025-05-04,1157,2055,404,3,53.94,10,Credit
861,2025-05-04,1109,2061,404,0,799.68,10,Credit
862,2025-05-04,1009,2068,402,2,0.0,15,Debit
863,2025-05-04,1003,2041,402,0,2412.63,5,Debit
864,2025-05-04,1173,2000,402,1,872.38,20,Credit
865,2025-05-04,1177,2044,403,1,373.64,10,Debit
866,2025-05-04,1026,2049,403,1,3383.42,10,Credit
867,2025-05-04,1016,2005,403,2,686.05,15,Credit
868,2025-05-04,1116,2093,403,3,755.94,5,Debit
869,2025-05-04,1175,2017,403,3,463.7,20,Debit
870,2025-05-04,1091,2096,402,1,1209.92,10,Credit
871,2025-05-04,1103,2002,402,1,779.4,10,Debit
872,2025-05-04,1186,2016,402,0,646.04,15,Credit
873,2025-05-04,1150,2064,402,0,294.04,5,Credit
874,2025-05-04,1093,2091,401,3,2717.37,20,Debit
875,2025-05-04,1163,2032,401,0,0.0,10,Debit
876,2025-05-04,1169,2013,401,0,935.36,10,Credit
877,2025-05-04,1176,2014,404,3,1231.5,15,Debit
878,2025-05-04,1097,2015,403,3,2699.88,5,Credit
879,2025-05-04,1179,2019,402,0,1867.86,20,Credit
880,2025-05-04,1077,2053,401,2,976.24,10,Debit
881,2025-05-04,1159,2077,402,3,561.83,10,Debit
882,2025-05-04,1026,2065,401,2,1881.36,15,Credit
883,2025-05-04,1029,2013,404,1,0.0,5,Debit
884,2025-05-04,1155,2025,403,1,503.32,20,Credit
885,2025-05-04,1091,2090,404,2,171.94,10,Credit
886,2025-05-04,1041,2005,404,1,385.9,10,Debit
887,2025-05-04,1176,2061,403,1,359.86,15,Debit
888,2025-05-04,1000,2001,401,0,1649.4,5,Credit
889,2025-05-04,1146,2085,404,1,653.81,20,Debit
890,2025-05-04,1023,2099,401,0,1292.64,10,Credit
891,2025-05-04,1065,2082,402,3,266.6,10,Credit
892,2025-05-04,1075,2033,404,0,2508.75,15,Debit
893,2025-05-04,1025,2022,401,2,1073.89,5,Debit
894,2025-05-04,1092,2086,403,3,894.1,20,Credit
895,2025-05-04,1189,2014,401,0,0.0,10,Debit
896,2025-05-04,1002,2017,402,2,0.0,10,Credit
897,2025-05-04,1091,2056,403,0,1049.44,15,Credit
898,2025-05-04,1095,2043,402,0,0.0,5,Debit
899,2025-05-04,1102,2051,404,2,93.86,20,Debit
900,2025-05-04,1098,2088,404,3,0.0,10,Credit
901,2025-05-04,1166,2021,401,1,0.0,10,Debit
902,2025-05-04,1178,2092,401,1,867.98,15,Credit
903,2025-05-04,1026,2053,404,3,1830.45,5,Credit
904,2025-05-04,1046,2078,404,2,454.43,20,Debit
905,2025-05-04,1156,2003,402,3,1925.9,10,Debit
906,2025-05-04,1124,2014,404,3,0.0,10,Credit
907,2025-05-04,1011,2008,403,2,106.54,15,Debit
908,2025-05-04,1003,2090,402,2,57.31,5,Credit
909,2025-05-04,1132,2066,401,3,1548.18,20,Credit
910,2025-05-04,1169,2093,402,3,755.94,10,Debit
911,2025-05-04,1088,2084,404,1,0.0,10,Debit
912,2025-05-04,1142,2078,401,0,568.04,15,Credit
913,2025-05-04,1164,2020,404,3,1879.15,5,Debit
914,2025-05-04,1042,2009,404,2,53.05,20,Credit
915,2025-05-04,1061,2042,403,0,167.61,10,Credit
916,2025-05-04,1129,2028,404,3,2551.76,10,Debit
917,2025-05-04,1060,2010,404,3,544.88,15,Debit
918,2025-05-04,1146,2057,401,3,436.98,5,Credit
919,2025-05-04,1114,2040,401,3,34.54,20,Debit
920,2025-05-04,1190,2083,401,0,2304.48,10,Credit
921,2025-05-04,1103,2052,401,0,2193.78,10,Credit
922,2025-05-04,1023,2077,403,1,505.65,15,Debit
923,2025-05-04,1167,2085,404,2,387.44,5,Debit
924,2025-05-04,1093,2006,402,3,594.0,20,Credit
925,2025-05-04,1084,2071,404,2,492.13,10,Debit
926,2025-05-04,1183,2057,401,0,873.96,10,Credit
927,2025-05-04,1194,2084,402,0,563.7,15,Credit
928,2025-05-04,1087,2045,403,2,499.42,5,Debit
929,2025-05-04,1179,2013,401,1,1683.65,20,Debit
930,2025-05-04,1126,2017,404,0,927.4,10,Credit
931,2025-05-04,1065,2078,402,1,127.81,10,Debit
932,2025-05-04,1030,2050,402,3,186.78,15,Credit
933,2025-05-04,1005,2024,403,0,621.35,5,Credit
934,2025-05-04,1193,2053,401,0,1830.45,20,Debit
935,2025-05-04,1197,2057,404,1,1179.85,10,Debit
936,2025-05-04,1127,2000,401,3,969.31,10,Credit
937,2025-05-04,1149,2061,402,1,359.86,15,Debit
938,2025-05-04,1187,2016,401,3,2584.16,5,Credit
939,2025-05-04,1168,2076,403,3,2418.21,20,Credit
940,2025-05-04,1107,2077,402,2,898.93,10,Debit
941,2025-05-04,1101,2043,403,3,3493.8,10,Debit
942,2025-05-04,1034,2017,404,2,0.0,15,Credit
943,2025-05-04,1179,2070,403,1,61.52,5,Debit
944,2025-05-04,1051,2026,403,2,338.5,20,Credit
945,2025-05-04,1172,2016,402,2,516.83,10,Credit
946,2025-05-04,1181,2014,403,3,246.3,10,Debit
947,2025-05-04,1149,2073,404,2,799.09,15,Debit
948,2025-05-04,1108,2001,401,0,412.35,5,Credit
949,2025-05-04,1097,2018,401,0,1084.52,20,Debit
950,2025-05-04,1051,2034,402,2,217.87,10,Credit
951,2025-05-04,1174,2032,402,0,4728.0,10,Credit
952,2025-05-04,1176,2037,402,0,720.28,15,Debit
953,2025-05-04,1091,2057,401,1,786.56,5,Debit
954,2025-05-04,1190,2082,404,1,239.94,20,Credit
955,2025-05-04,1130,2089,403,0,413.52,10,Debit
956,2025-05-04,1097,2049,404,2,0.0,10,Credit
957,2025-05-04,1141,2006,401,2,0.0,15,Credit
958,2025-05-04,1051,2079,404,1,1710.97,5,Debit
959,2025-05-04,1162,2090,403,1,257.9,20,Debit
960,2025-05-04,1198,2092,402,2,771.54,10,Credit
961,2025-05-04,1114,2022,401,1,3020.31,10,Debit
962,2025-05-04,1044,2094,401,3,493.35,15,Credit
963,2025-05-04,1010,2054,403,2,720.41,5,Credit
964,2025-05-04,1033,2020,403,0,751.66,20,Debit
965,2025-05-04,1084,2059,402,0,0.0,10,Debit
966,2025-05-04,1039,2041,401,2,0.0,10,Credit
967,2025-05-04,1125,2073,403,0,1997.72,15,Debit
968,2025-05-04,1005,2090,403,1,193.43,5,Credit
969,2025-05-04,1047,2066,401,1,464.45,20,Credit
970,2025-05-04,1106,2069,404,0,464.78,10,Debit
971,2025-05-04,1089,2028,402,2,0.0,10,Debit
972,2025-05-04,1084,2046,403,1,0.0,15,Credit
973,2025-05-04,1192,2079,404,0,950.54,5,Debit
974,2025-05-04,1029,2085,403,3,726.45,20,Credit
975,2025-05-04,1061,2082,402,0,533.2,10,Credit
976,2025-05-04,1174,2041,404,0,804.21,10,Debit
977,2025-05-04,1098,2032,403,0,0.0,15,Debit
978,2025-05-04,1132,2098,403,3,3631.44,5,Credit
979,2025-05-04,1124,2005,403,1,1157.71,20,Debit
980,2025-05-04,1082,2065,401,0,1411.02,10,Credit
981,2025-05-04,1042,2098,401,0,4539.3,10,Credit
982,2025-05-04,1053,2085,402,3,726.45,15,Debit
983,2025-05-04,1026,2026,404,0,423.12,5,Debit
984,2025-05-04,1191,2087,402,0,477.96,20,Credit
985,2025-05-04,1117,2091,403,0,1811.58,10,Debit
986,2025-05-04,1022,2009,401,1,119.36,10,Credit
987,2025-05-04,1064,2071,401,1,1107.29,15,Credit
988,2025-05-04,1066,2052,404,3,5118.82,5,Debit
989,2025-05-04,1161,2051,404,2,375.42,20,Debit
990,2025-05-04,1004,2049,401,0,939.84,10,Credit
991,2025-05-04,1164,2092,401,0,2893.26,10,Debit
992,2025-05-04,1179,2009,403,0,66.31,15,Credit
993,2025-05-04,1074,2087,403,0,477.96,5,Credit
994,2025-05-04,1072,2097,404,3,842.1,20,Debit
995,2025-05-04,1101,2084,401,3,1127.4,10,Debit
996,2025-05-04,1040,2068,402,1,2952.86,10,Credit
997,2025-05-04,1191,2050,403,1,504.31,15,Debit
998,2025-05-04,1076,2086,403,0,2682.3,5,Credit
999,2025-05-04,1141,2071,402,0,1230.32,20,Credit
1000,2025-05-04,1010,2000,404,0,3877.24,10,Debit
1001,2025-05-04,1078,2026,403,1,761.62,10,Debit
1002,2025-05-04,1105,2082,402,1,239.94,15,Credit
1003,2025-05-04,1047,2028,403,1,1148.29,5,Debit
1004,2025-05-04,1029,2023,401,3,2818.62,20,Credit
1005,2025-05-04,1165,2070,401,2,54.69,10,Credit
1006,2025-05-04,1171,2008,403,0,133.18,10,Debit
1007,2025-05-04,1050,2092,404,2,771.54,15,Debit
1008,2025-05-04,1091,2016,402,0,1292.08,5,Credit
1009,2025-05-04,1072,2079,401,1,855.49,20,Debit
1010,2025-05-04,1081,2062,404,2,495.49,10,Credit
1011,2025-05-04,1157,2084,403,1,253.67,10,Credit
1012,2025-05-04,1144,2072,403,2,672.48,15,Debit
1013,2025-05-04,1109,2021,401,2,668.33,5,Debit
1014,2025-05-04,1063,2028,404,2,510.35,20,Credit
1015,2025-05-04,1092,2017,403,3,1854.8,10,Debit
1016,2025-05-04,1118,2057,403,2,699.17,10,Credit
1017,2025-05-04,1124,2070,401,1,30.76,15,Credit
1018,2025-05-04,1165,2077,401,2,449.46,5,Debit
1019,2025-05-04,1035,2068,402,2,1968.58,20,Debit
1020,2025-05-04,1187,2080,401,0,0.0,10,Credit
1021,2025-05-04,1004,2064,401,3,882.12,10,Debit
1022,2025-05-04,1196,2075,402,0,2341.92,15,Credit
1023,2025-05-04,1141,2033,404,1,0.0,5,Credit
1024,2025-05-04,1093,2050,402,2,448.27,20,Debit
1025,2025-05-04,1034,2059,401,3,1536.15,10,Debit
1026,2025-05-04,1093,2064,401,1,793.91,10,Credit
1027,2025-05-04,1157,2087,402,1,286.78,15,Debit
1028,2025-05-04,1114,2020,402,1,676.49,5,Credit
1029,2025-05-04,1188,2093,404,2,1814.26,20,Credit
1030,2025-05-04,1010,2028,404,1,1148.29,10,Debit
1031,2025-05-04,1016,2033,403,1,2257.88,10,Debit
1032,2025-05-04,1010,2085,402,2,387.44,15,Credit
1033,2025-05-04,1099,2060,404,0,0.0,5,Debit
1034,2025-05-04,1010,2083,403,0,768.16,20,Credit
1035,2025-05-04,1180,2066,403,2,1238.54,10,Credit
1036,2025-05-04,1148,2069,402,3,697.17,10,Debit
1037,2025-05-04,1167,2048,403,0,1072.89,15,Debit
1038,2025-05-04,1132,2032,404,1,851.04,5,Credit
1039,2025-05-04,1132,2051,403,2,187.71,20,Debit
1040,2025-05-04,1124,2061,401,1,0.0,10,Credit
1041,2025-05-04,1112,2021,402,0,835.41,10,Credit
1042,2025-05-04,1131,2082,403,1,239.94,15,Debit
1043,2025-05-04,1038,2023,402,2,0.0,5,Debit
1044,2025-05-04,1154,2091,401,1,3260.84,20,Credit
1045,2025-05-04,1106,2042,401,3,1173.27,10,Debit
1046,2025-05-04,1172,2061,404,1,719.71,10,Credit
1047,2025-05-04,1151,2020,404,0,1127.49,15,Credit
1048,2025-05-04,1062,2005,402,1,385.9,5,Debit
1049,2025-05-04,1034,2080,401,1,2996.14,20,Debit
1050,2025-05-04,1014,2021,403,1,1503.74,10,Credit
1051,2025-05-04,1132,2051,401,2,281.57,10,Debit
1052,2025-05-04,1021,2027,404,3,775.83,15,Credit
1053,2025-05-04,1123,2021,402,3,0.0,5,Credit
1054,2025-05-04,1153,2018,402,2,867.62,20,Debit
1055,2025-05-04,1042,2092,403,3,1446.63,10,Debit
1056,2025-05-04,1152,2075,401,1,2107.73,10,Credit
1057,2025-05-04,1096,2049,402,0,939.84,15,Debit
1058,2025-05-04,1004,2025,404,1,0.0,5,Credit
1059,2025-05-04,1155,2012,402,3,623.19,20,Credit
1060,2025-05-04,1157,2076,401,0,2418.21,10,Debit
1061,2025-05-04,1023,2061,402,0,199.92,10,Debit
1062,2025-05-04,1198,2086,404,3,894.1,15,Credit
1063,2025-05-04,1094,2005,404,1,771.8,5,Debit
1064,2025-05-04,1123,2098,404,2,3631.44,20,Credit
1065,2025-05-04,1150,2094,401,3,2466.75,10,Credit
1066,2025-05-04,1034,2032,404,1,1702.08,10,Debit
1067,2025-05-04,1021,2036,404,2,348.77,15,Debit
1068,2025-05-04,1048,2000,401,0,4846.55,5,Credit
1069,2025-05-04,1133,2000,404,1,872.38,20,Debit
1070,2025-05-04,1176,2040,404,2,55.26,10,Credit
1071,2025-05-04,1027,2019,404,2,747.14,10,Credit
1072,2025-05-04,1066,2068,404,2,1968.58,15,Debit
1073,2025-05-04,1156,2035,404,1,0.0,5,Debit
1074,2025-05-04,1105,2070,404,1,0.0,20,Credit
1075,2025-05-04,1094,2071,404,2,984.26,10,Debit
1076,2025-05-04,1078,2073,403,3,499.43,10,Credit
1077,2025-05-04,1188,2017,401,1,417.33,15,Credit
1078,2025-05-04,1114,2089,402,0,827.04,5,Debit
1079,2025-05-04,1054,2065,404,2,376.27,20,Debit
1080,2025-05-04,1140,2078,401,1,255.62,10,Credit
1081,2025-05-04,1099,2081,401,0,1492.44,10,Debit
1082,2025-05-04,1037,2060,404,0,1225.14,15,Credit
1083,2025-05-04,1016,2033,402,2,2007.0,5,Credit
1084,2025-05-04,1020,2077,401,3,561.83,20,Debit
1085,2025-05-04,1102,2078,403,0,142.01,10,Debit
1086,2025-05-04,1198,2022,404,3,671.18,10,Credit
1087,2025-05-04,1002,2025,403,1,503.32,15,Debit
1088,2025-05-04,1008,2076,402,1,1450.93,5,Credit
1089,2025-05-04,1172,2004,403,1,834.52,20,Credit
1090,2025-05-04,1167,2000,402,0,969.31,10,Debit
1091,2025-05-04,1070,2099,404,2,1551.17,10,Debit
1092,2025-05-04,1171,2050,404,1,168.1,15,Credit
1093,2025-05-04,1132,2001,401,0,2061.75,5,Debit
1094,2025-05-04,1140,2036,403,2,348.77,20,Credit
1095,2025-05-04,1070,2028,402,3,2551.76,10,Credit
1096,2025-05-04,1103,2073,401,2,0.0,10,Debit
1097,2025-05-04,1044,2052,401,0,2193.78,15,Debit
1098,2025-05-04,1128,2037,403,0,0.0,5,Credit
1099,2025-05-04,1131,2032,403,3,4728.0,20,Debit
1100,2025-05-04,1096,2072,404,1,378.27,10,Credit
1101,2025-05-04,1193,2043,404,3,2620.35,10,Credit
1102,2025-05-04,1150,2003,404,0,1155.54,15,Debit
1103,2025-05-04,1066,2008,404,1,59.93,5,Debit
1104,2025-05-04,1173,2089,402,2,0.0,20,Credit
1105,2025-05-04,1105,2045,401,2,499.42,10,Debit
1106,2025-05-04,1063,2036,401,3,653.94,10,Credit
1107,2025-05-04,1172,2095,403,0,981.58,15,Credit
1108,2025-05-04,1141,2022,404,2,0.0,5,Debit
1109,2025-05-04,1090,2027,403,1,698.25,20,Debit
1110,2025-05-04,1191,2087,402,3,955.92,10,Credit
1111,2025-05-04,1188,2025,402,1,251.66,10,Debit
1112,2025-05-04,1067,2026,402,1,380.81,15,Credit
1113,2025-05-04,1063,2079,403,1,1710.97,5,Credit
1114,2025-05-04,1199,2013,401,0,5612.16,20,Debit
1115,2025-05-04,1173,2084,404,0,281.85,10,Debit
1116,2025-05-04,1195,2069,401,3,697.17,10,Credit
1117,2025-05-04,1095,2079,403,3,950.54,15,Debit
1118,2025-05-04,1147,2035,404,1,809.99,5,Credit
1119,2025-05-04,1195,2065,403,3,1411.02,20,Credit
1120,2025-05-04,1056,2096,402,0,0.0,10,Debit
1121,2025-05-04,1134,2054,404,0,3602.04,10,Debit
1122,2025-05-04,1128,2044,404,1,373.64,15,Credit
1123,2025-05-04,1117,2015,404,2,1619.93,5,Debit
1124,2025-05-04,1176,2001,401,1,371.12,20,Credit
1125,2025-05-04,1097,2074,401,2,527.6,10,Credit
1126,2025-05-04,1092,2078,403,1,383.43,10,Debit
1127,2025-05-04,1140,2033,402,2,1338.0,15,Debit
1128,2025-05-04,1120,2078,403,2,227.22,5,Credit
1129,2025-05-04,1047,2063,404,1,0.0,20,Debit
1130,2025-05-04,1107,2089,403,2,330.82,10,Credit
1131,2025-05-04,1102,2035,404,1,1619.98,10,Credit
1132,2025-05-04,1146,2016,402,0,0.0,15,Debit
1133,2025-05-04,1184,2034,402,3,680.85,5,Debit
1134,2025-05-04,1097,2025,402,1,1258.29,20,Credit
1135,2025-05-04,1121,2001,402,3,0.0,10,Debit
1136,2025-05-04,1127,2017,403,3,0.0,10,Credit
1137,2025-05-04,1076,2032,401,3,6619.2,15,Credit
1138,2025-05-04,1025,2088,402,0,0.0,5,Debit
1139,2025-05-04,1055,2032,404,0,945.6,20,Debit
1140,2025-05-04,1115,2095,403,2,0.0,10,Credit
1141,2025-05-04,1092,2046,403,2,80.23,10,Debit
1142,2025-05-04,1005,2052,401,2,1170.02,15,Credit
1143,2025-05-04,1173,2077,402,1,1516.94,5,Credit
1144,2025-05-04,1199,2036,403,2,871.92,20,Debit
1145,2025-05-04,1172,2065,404,3,2822.04,10,Debit
1146,2025-05-04,1020,2048,403,3,1072.89,10,Credit
1147,2025-05-04,1161,2018,402,2,1301.42,15,Debit
1148,2025-05-04,1107,2080,404,0,4993.56,5,Credit
1149,2025-05-04,1020,2020,403,1,1014.74,20,Credit
1150,2025-05-04,1080,2040,403,2,55.26,10,Debit
1151,2025-05-04,1154,2082,404,2,639.84,10,Debit
1152,2025-05-04,1113,2099,403,3,646.32,15,Credit
1153,2025-05-04,1105,2021,402,0,835.41,5,Debit
1154,2025-05-04,1032,2093,402,2,2419.01,20,Credit
1155,2025-05-04,1190,2089,401,1,0.0,10,Credit
1156,2025-05-04,1042,2050,401,0,1120.68,10,Debit
1157,2025-05-04,1016,2060,401,0,816.76,15,Debit
1158,2025-05-04,1197,2050,401,0,560.34,5,Credit
1159,2025-05-04,1067,2079,402,0,1901.08,20,Debit
1160,2025-05-04,1167,2049,403,1,0.0,10,Credit
1161,2025-05-04,1063,2094,403,3,493.35,10,Credit
1162,2025-05-04,1160,2016,402,1,1162.87,15,Debit
1163,2025-05-04,1007,2004,403,2,2225.4,5,Debit
1164,2025-05-04,1121,2059,403,3,2048.2,20,Credit
1165,2025-05-04,1034,2089,402,3,2481.12,10,Debit
1166,2025-05-04,1161,2095,404,2,392.63,10,Credit
1167,2025-05-04,1088,2061,402,0,799.68,15,Credit
1168,2025-05-04,1113,2039,403,3,976.44,5,Debit
1169,2025-05-04,1066,2019,403,0,933.93,20,Debit
1170,2025-05-04,1000,2066,402,2,412.85,10,Credit
1171,2025-05-04,1073,2060,401,3,0.0,10,Debit
1172,2025-05-04,1193,2061,403,0,199.92,15,Credit
1173,2025-05-04,1196,2055,403,1,194.18,5,Credit
1174,2025-05-04,1001,2070,403,1,61.52,20,Debit
1175,2025-05-04,1105,2071,404,3,615.16,10,Debit
1176,2025-05-04,1063,2020,404,3,375.83,10,Credit
1177,2025-05-04,1056,2033,401,3,836.25,15,Debit
1178,2025-05-04,1160,2030,403,2,271.95,5,Credit
1179,2025-05-04,1166,2095,403,3,1472.37,20,Credit
1180,2025-05-04,1048,2008,402,1,0.0,10,Debit
1181,2025-05-04,1074,2014,404,3,738.9,10,Debit
1182,2025-05-04,1069,2089,404,1,372.17,15,Credit
1183,2025-05-04,1082,2002,402,0,1732.0,5,Debit
1184,2025-05-04,1136,2002,402,0,1732.0,20,Credit
1185,2025-05-04,1072,2034,402,3,0.0,10,Credit
1186,2025-05-04,1186,2001,402,0,824.7,10,Debit
1187,2025-05-04,1038,2001,404,1,0.0,15,Debit
1188,2025-05-04,1087,2053,403,3,2440.6,5,Credit
1189,2025-05-04,1095,2059,401,2,1638.56,20,Debit
1190,2025-05-04,1020,2096,402,0,2688.72,10,Credit
1191,2025-05-04,1068,2099,404,0,1938.96,10,Credit
1192,2025-05-04,1139,2060,402,1,1102.63,15,Debit
1193,2025-05-04,1064,2048,401,0,715.26,5,Debit
1194,2025-05-04,1196,2091,402,3,0.0,20,Credit
1195,2025-05-04,1197,2056,402,0,1049.44,10,Debit
1196,2025-05-04,1050,2058,401,1,1800.22,10,Credit
1197,2025-05-04,1121,2049,403,2,751.87,15,Credit
1198,2025-05-04,1040,2080,401,0,1664.52,5,Debit
1199,2025-05-04,1064,2061,403,1,179.93,20,Debit
1200,2025-05-04,1092,2006,402,0,198.0,10,Credit
1201,2025-05-04,1060,2081,404,2,1193.95,10,Debit
1202,2025-05-04,1003,2021,403,0,2506.23,15,Credit
1203,2025-05-04,1101,2031,401,0,1130.6,5,Credit
1204,2025-05-04,1148,2088,404,1,0.0,20,Debit
1205,2025-05-04,1095,2098,401,1,2451.22,10,Debit
1206,2025-05-04,1040,2063,401,2,883.94,10,Credit
1207,2025-05-04,1194,2080,401,0,1664.52,15,Debit
1208,2025-05-04,1091,2082,402,0,0.0,5,Credit
1209,2025-05-04,1032,2062,402,2,1981.95,20,Credit
1210,2025-05-04,1142,2082,403,3,799.8,10,Debit
1211,2025-05-04,1187,2024,401,3,372.81,10,Debit
1212,2025-05-04,1091,2092,402,2,385.77,15,Credit
1213,2025-05-04,1010,2062,404,2,990.98,5,Debit
1214,2025-05-04,1138,2089,404,1,744.34,20,Credit
1215,2025-05-04,1145,2023,403,2,1503.26,10,Credit
1216,2025-05-04,1187,2059,403,1,1843.38,10,Debit
1217,2025-05-04,1017,2067,402,3,0.0,15,Debit
1218,2025-05-04,1075,2033,403,3,836.25,5,Credit
1219,2025-05-04,1000,2099,404,1,2326.75,20,Debit
1220,2025-05-04,1004,2079,403,1,0.0,10,Credit
1221,2025-05-04,1082,2092,401,3,0.0,10,Credit
1222,2025-05-04,1048,2067,404,1,785.56,15,Debit
1223,2025-05-04,1156,2036,403,3,0.0,5,Debit
1224,2025-05-04,1164,2041,401,0,804.21,20,Credit
1225,2025-05-04,1133,2084,401,0,0.0,10,Debit
1226,2025-05-04,1033,2022,401,1,604.06,10,Credit
1227,2025-05-04,1027,2062,402,0,1238.72,15,Credit
1228,2025-05-04,1008,2073,404,3,1498.29,5,Debit
1229,2025-05-04,1134,2079,403,0,950.54,20,Debit
1230,2025-05-04,1093,2028,401,0,1275.88,10,Credit
1231,2025-05-04,1053,2083,404,0,2304.48,10,Debit
1232,2025-05-04,1119,2081,401,2,0.0,15,Credit
1233,2025-05-04,1142,2095,404,2,1177.9,5,Credit
1234,2025-05-04,1181,2007,403,0,583.39,20,Debit
1235,2025-05-04,1187,2009,403,0,265.24,10,Debit
1236,2025-05-04,1055,2066,401,0,2580.3,10,Credit
1237,2025-05-04,1185,2029,404,1,12.16,15,Debit
1238,2025-05-04,1049,2067,402,1,261.86,5,Credit
1239,2025-05-04,1142,2095,404,0,1963.16,20,Credit
1240,2025-05-04,1196,2081,403,3,746.22,10,Debit
1241,2025-05-04,1179,2085,404,0,242.15,10,Debit
1242,2025-05-04,1042,2023,404,2,2254.9,15,Credit
1243,2025-05-04,1168,2020,404,2,601.33,5,Debit
1244,2025-05-04,1080,2070,403,2,0.0,20,Credit
1245,2025-05-04,1105,2097,404,2,673.68,10,Credit
1246,2025-05-04,1155,2030,402,3,509.91,10,Debit
1247,2025-05-04,1196,2070,403,2,27.34,15,Debit
1248,2025-05-04,1115,2057,404,0,1747.92,5,Credit
1249,2025-05-04,1185,2004,403,0,2781.75,20,Debit
1250,2025-05-04,1132,2017,403,0,0.0,10,Credit
1251,2025-05-04,1076,2028,402,2,1020.7,10,Credit
1252,2025-05-04,1005,2098,403,1,3268.3,15,Debit
1253,2025-05-04,1024,2004,404,2,1483.6,5,Debit
1254,2025-05-04,1039,2017,403,2,370.96,20,Credit
1255,2025-05-04,1149,2031,402,2,904.48,10,Debit
1256,2025-05-04,1076,2011,404,1,737.53,10,Credit
1257,2025-05-04,1187,2009,403,3,198.93,15,Credit
1258,2025-05-04,1044,2062,401,2,495.49,5,Debit
1259,2025-05-04,1009,2093,404,0,0.0,20,Debit
1260,2025-05-04,1199,2007,403,2,1400.14,10,Credit
1261,2025-05-04,1111,2053,401,1,3294.81,10,Debit
1262,2025-05-04,1191,2083,401,3,768.16,15,Credit
1263,2025-05-04,1013,2039,401,2,1562.3,5,Credit
1264,2025-05-04,1138,2072,402,2,672.48,20,Debit
1265,2025-05-04,1128,2089,402,1,744.34,10,Debit
1266,2025-05-04,1012,2086,404,3,2682.3,10,Credit
1267,2025-05-04,1192,2076,401,1,1450.93,15,Debit
1268,2025-05-04,1110,2037,404,1,324.13,5,Credit
1269,2025-05-04,1033,2043,401,3,4367.25,20,Credit
1270,2025-05-04,1146,2095,401,3,1963.16,10,Debit
1271,2025-05-04,1067,2010,404,3,0.0,10,Debit
1272,2025-05-04,1198,2089,402,1,744.34,15,Credit
1273,2025-05-04,1123,2071,402,3,1845.48,5,Debit
1274,2025-05-04,1101,2083,402,1,2074.03,20,Credit
1275,2025-05-04,1062,2009,403,3,66.31,10,Credit
1276,2025-05-04,1082,2087,401,0,318.64,10,Debit
1277,2025-05-04,1171,2052,404,2,0.0,15,Debit
1278,2025-05-04,1089,2024,403,2,298.25,5,Credit
1279,2025-05-04,1152,2083,401,2,1843.58,20,Debit
1280,2025-05-04,1043,2044,404,1,373.64,10,Credit
1281,2025-05-04,1112,2005,402,1,0.0,10,Credit
1282,2025-05-04,1175,2047,402,0,1004.94,15,Debit
1283,2025-05-04,1028,2094,401,1,888.03,5,Debit
1284,2025-05-04,1158,2018,403,0,2169.04,20,Credit
1285,2025-05-04,1087,2088,401,2,567.48,10,Debit
1286,2025-05-04,1115,2060,401,2,980.11,10,Credit
1287,2025-05-04,1053,2094,402,1,888.03,15,Credit
1288,2025-05-04,1139,2066,403,3,2580.3,5,Debit
1289,2025-05-04,1159,2093,402,0,0.0,20,Debit
1290,2025-05-04,1096,2074,401,2,1055.2,10,Credit
1291,2025-05-04,1043,2007,403,1,525.05,10,Debit
1292,2025-05-04,1178,2079,403,0,950.54,15,Credit
1293,2025-05-04,1119,2083,401,0,768.16,5,Credit
1294,2025-05-04,1099,2084,403,2,0.0,20,Debit
1295,2025-05-04,1027,2002,403,3,866.0,10,Debit
1296,2025-05-04,1059,2048,401,2,572.21,10,Credit
1297,2025-05-04,1124,2076,401,1,2176.39,15,Debit
1298,2025-05-04,1050,2064,404,0,1470.2,5,Credit
1299,2025-05-04,1010,2031,403,2,1356.72,20,Credit
1300,2025-05-04,1125,2050,402,0,373.56,10,Debit
1301,2025-05-04,1088,2087,403,2,509.82,10,Debit
1302,2025-05-04,1160,2038,402,2,2223.62,15,Credit
1303,2025-05-04,1015,2080,403,3,2496.78,5,Debit
1304,2025-05-04,1007,2071,403,1,553.64,20,Credit
1305,2025-05-04,1038,2043,404,1,786.1,10,Credit
1306,2025-05-04,1022,2093,404,1,2721.38,10,Debit
1307,2025-05-04,1106,2030,402,3,1019.82,15,Debit
1308,2025-05-04,1079,2077,403,3,561.83,5,Credit
1309,2025-05-04,1138,2016,402,1,872.15,20,Debit
1310,2025-05-04,1148,2069,402,1,418.3,10,Credit
1311,2025-05-04,1079,2088,402,3,709.35,10,Credit
1312,2025-05-04,1197,2018,402,2,867.62,15,Debit
1313,2025-05-04,1017,2071,401,1,553.64,5,Debit
1314,2025-05-04,1081,2018,401,2,867.62,20,Credit
1315,2025-05-04,1105,2052,403,3,731.26,10,Debit
1316,2025-05-04,1190,2081,403,1,0.0,10,Credit
1317,2025-05-04,1199,2024,401,1,223.69,15,Credit
1318,2025-05-04,1047,2003,403,1,346.66,5,Debit
1319,2025-05-04,1152,2029,402,0,27.02,20,Debit
1320,2025-05-04,1091,2010,404,1,210.17,10,Credit
1321,2025-05-04,1128,2077,404,2,0.0,10,Debit
1322,2025-05-04,1047,2049,404,3,0.0,15,Credit
1323,2025-05-04,1035,2020,402,1,676.49,5,Credit
1324,2025-05-04,1008,2052,401,2,585.01,20,Debit
1325,2025-05-04,1105,2028,402,1,1148.29,10,Debit
1326,2025-05-04,1016,2022,404,3,2684.72,10,Credit
1327,2025-05-04,1176,2041,404,1,1447.58,15,Debit
1328,2025-05-04,1109,2051,401,3,469.28,5,Credit
1329,2025-05-04,1184,2040,404,0,103.62,20,Credit
1330,2025-05-04,1133,2013,404,3,3741.44,10,Debit
1331,2025-05-04,1010,2031,404,0,1130.6,10,Debit
1332,2025-05-04,1142,2049,401,1,0.0,15,Credit
1333,2025-05-04,1074,2056,404,2,839.55,5,Debit
1334,2025-05-04,1198,2036,404,1,392.36,20,Credit
1335,2025-05-04,1108,2037,401,1,648.25,10,Credit
1336,2025-05-04,1118,2082,404,0,799.8,10,Debit
1337,2025-05-04,1184,2064,401,1,264.64,15,Debit
1338,2025-05-04,1199,2074,402,3,1978.5,5,Credit
1339,2025-05-04,1105,2041,404,0,0.0,20,Debit
1340,2025-05-04,1045,2058,402,3,0.0,10,Credit
1341,2025-05-04,1023,2032,403,1,1702.08,10,Credit
1342,2025-05-04,1183,2093,401,0,2267.82,15,Debit
1343,2025-05-04,1029,2090,404,2,57.31,5,Debit
1344,2025-05-04,1021,2067,404,1,261.86,20,Credit
1345,2025-05-04,1096,2070,404,0,136.72,10,Debit
1346,2025-05-04,1196,2021,403,1,751.87,10,Credit
1347,2025-05-04,1041,2018,402,0,1084.52,15,Credit
1348,2025-05-04,1107,2039,403,3,0.0,5,Debit
1349,2025-05-04,1073,2080,402,0,3329.04,20,Debit
1350,2025-05-04,1033,2025,401,2,671.09,10,Credit
1351,2025-05-04,1003,2058,404,3,2000.25,10,Debit
1352,2025-05-04,1139,2000,404,1,1744.76,15,Credit
1353,2025-05-04,1055,2075,404,3,3122.56,5,Credit
1354,2025-05-04,1104,2056,401,0,1574.16,20,Debit
1355,2025-05-04,1062,2070,403,1,30.76,10,Debit
1356,2025-05-04,1012,2023,402,0,2818.62,10,Credit
1357,2025-05-04,1167,2044,401,1,560.47,15,Debit
1358,2025-05-04,1008,2085,403,2,0.0,5,Credit
1359,2025-05-04,1022,2006,401,3,990.0,20,Credit
1360,2025-05-04,1045,2020,403,1,1352.99,10,Debit
1361,2025-05-04,1116,2095,403,0,981.58,10,Debit
1362,2025-05-04,1023,2098,403,2,1452.58,15,Credit
1363,2025-05-04,1094,2048,401,3,1072.89,5,Debit
1364,2025-05-04,1140,2008,403,3,0.0,20,Credit
1365,2025-05-04,1034,2015,403,2,1079.95,10,Credit
1366,2025-05-04,1134,2052,402,1,1316.27,10,Debit
1367,2025-05-04,1156,2007,401,0,1750.17,15,Debit
1368,2025-05-04,1123,2092,403,3,0.0,5,Credit
1369,2025-05-04,1155,2040,403,2,27.63,20,Debit
1370,2025-05-04,1033,2078,404,3,568.04,10,Credit
1371,2025-05-04,1126,2023,402,2,2254.9,10,Credit
1372,2025-05-04,1049,2000,401,0,3877.24,15,Debit
1373,2025-05-04,1119,2080,401,1,0.0,5,Debit
1374,2025-05-04,1157,2053,404,0,1830.45,20,Credit
1375,2025-05-04,1085,2044,402,0,207.58,10,Debit
1376,2025-05-04,1163,2025,403,2,447.39,10,Credit
1377,2025-05-04,1017,2039,403,2,3905.76,15,Credit
1378,2025-05-04,1196,2000,401,2,0.0,5,Debit
1379,2025-05-04,1087,2050,401,1,168.1,20,Debit
1380,2025-05-04,1049,2042,403,3,670.44,10,Credit
1381,2025-05-04,1121,2004,402,3,3709.0,10,Debit
1382,2025-05-04,1039,2080,404,2,665.81,15,Credit
1383,2025-05-04,1118,2052,401,2,0.0,5,Credit
1384,2025-05-04,1144,2092,403,0,1446.63,20,Debit
1385,2025-05-04,1053,2073,403,2,1198.63,10,Debit
1386,2025-05-04,1016,2019,403,0,0.0,10,Credit
1387,2025-05-04,1086,2048,402,3,1072.89,15,Debit
1388,2025-05-04,1047,2076,401,2,0.0,5,Credit
1389,2025-05-04,1180,2040,401,2,110.53,20,Credit
1390,2025-05-04,1105,2011,404,1,0.0,10,Debit
1391,2025-05-04,1095,2057,403,1,786.56,10,Debit
1392,2025-05-04,1134,2038,402,0,926.51,15,Credit
1393,2025-05-04,1095,2004,402,0,0.0,5,Debit
1394,2025-05-04,1113,2064,401,3,294.04,20,Credit
1395,2025-05-04,1128,2019,402,2,1494.29,10,Credit
1396,2025-05-04,1123,2093,403,2,3023.76,10,Debit
1397,2025-05-04,1036,2098,401,1,817.07,15,Debit
1398,2025-05-04,1052,2092,401,3,1928.84,5,Credit
1399,2025-05-04,1099,2091,401,0,905.79,20,Debit
1400,2025-05-04,1079,2005,401,2,1715.12,10,Credit
1401,2025-05-04,1119,2005,401,2,686.05,10,Credit
1402,2025-05-04,1005,2073,403,1,0.0,15,Debit
1403,2025-05-04,1082,2025,402,2,223.7,5,Debit
1404,2025-05-04,1070,2068,403,3,2460.72,20,Credit
1405,2025-05-04,1171,2015,403,1,0.0,10,Debit
1406,2025-05-04,1040,2035,401,0,899.99,10,Credit
1407,2025-05-04,1159,2071,401,1,1660.93,15,Credit
1408,2025-05-04,1138,2044,403,2,0.0,5,Debit
1409,2025-05-04,1036,2090,403,1,0.0,20,Debit
1410,2025-05-04,1043,2009,403,2,106.1,10,Credit
1411,2025-05-04,1138,2056,401,1,944.5,10,Debit
1412,2025-05-04,1007,2060,401,0,816.76,15,Credit
1413,2025-05-04,1098,2006,401,3,990.0,5,Credit
1414,2025-05-04,1100,2022,404,2,1610.83,20,Debit
1415,2025-05-04,1079,2042,402,0,167.61,10,Debit
1416,2025-05-04,1193,2097,404,1,2273.67,10,Credit
1417,2025-05-04,1023,2089,404,0,413.52,15,Debit
1418,2025-05-04,1116,2039,404,3,3905.76,5,Credit
1419,2025-05-04,1059,2028,402,2,1531.06,20,Credit
1420,2025-05-04,1093,2050,402,2,298.85,10,Debit
1421,2025-05-04,1083,2058,404,0,2000.25,10,Debit
1422,2025-05-04,1016,2060,401,2,653.41,15,Credit
1423,2025-05-04,1122,2059,402,2,1228.92,5,Debit
1424,2025-05-04,1196,2044,402,0,207.58,20,Credit
1425,2025-05-04,1103,2091,401,2,2173.9,10,Credit
1426,2025-05-04,1142,2083,401,2,1229.06,10,Debit
1427,2025-05-04,1136,2059,404,3,2560.25,15,Debit
1428,2025-05-04,1061,2079,402,1,2566.46,5,Credit
1429,2025-05-04,1123,2049,401,2,751.87,20,Debit
1430,2025-05-04,1053,2088,404,3,709.35,10,Credit
1431,2025-05-04,1145,2043,402,1,1572.21,10,Credit
1432,2025-05-04,1169,2085,401,3,1210.75,15,Debit
1433,2025-05-04,1029,2075,404,2,1249.02,5,Debit
1434,2025-05-04,1142,2012,404,1,1682.61,20,Credit
1435,2025-05-04,1078,2051,401,0,117.32,10,Debit
1436,2025-05-04,1175,2076,404,2,1289.71,10,Credit
1437,2025-05-04,1126,2082,401,0,1066.4,15,Credit
1438,2025-05-04,1055,2017,401,1,1669.32,5,Debit
1439,2025-05-04,1169,2019,404,2,747.14,20,Debit
1440,2025-05-04,1099,2078,404,1,383.43,10,Credit
1441,2025-05-04,1052,2087,403,2,0.0,10,Debit
1442,2025-05-04,1145,2086,403,3,2682.3,15,Credit
1443,2025-05-04,1183,2044,401,0,1037.9,5,Credit
1444,2025-05-04,1156,2065,404,1,423.31,20,Debit
1445,2025-05-04,1075,2007,403,0,1166.78,10,Debit
1446,2025-05-04,1000,2090,403,0,143.28,10,Credit
1447,2025-05-04,1072,2003,402,3,0.0,15,Debit
1448,2025-05-04,1179,2075,404,2,1873.54,5,Credit
1449,2025-05-04,1182,2048,404,3,357.63,20,Credit
1450,2025-05-04,1111,2069,402,1,836.6,10,Debit
1451,2025-05-04,1121,2017,402,3,2782.2,10,Debit
1452,2025-05-04,1092,2053,402,2,1464.36,15,Credit
1453,2025-05-04,1171,2016,402,0,646.04,5,Debit
1454,2025-05-04,1018,2082,401,1,0.0,20,Credit
1455,2025-05-04,1184,2062,404,1,1672.27,10,Credit
1456,2025-05-04,1021,2017,404,3,463.7,10,Debit
1457,2025-05-04,1178,2077,404,1,505.65,15,Debit
1458,2025-05-04,1116,2065,404,3,470.34,5,Credit
1459,2025-05-04,1098,2045,402,1,280.93,20,Debit
1460,2025-05-04,1108,2077,401,3,1685.49,10,Credit
1461,2025-05-04,1187,2030,403,3,509.91,10,Credit
1462,2025-05-04,1139,2073,403,0,499.43,15,Debit
1463,2025-05-04,1009,2072,404,2,0.0,5,Debit
1464,2025-05-04,1028,2074,404,0,3297.5,20,Credit
1465,2025-05-04,1036,2093,403,3,0.0,10,Debit
1466,2025-05-04,1132,2010,401,1,0.0,10,Credit
1467,2025-05-04,1120,2080,401,2,665.81,15,Credit
1468,2025-05-04,1156,2006,403,0,198.0,5,Debit
1469,2025-05-04,1120,2058,404,2,1600.2,20,Debit
1470,2025-05-04,1107,2045,403,2,249.71,10,Credit
1471,2025-05-04,1042,2004,403,2,0.0,10,Debit
1472,2025-05-04,1015,2080,404,1,749.03,15,Credit
1473,2025-05-04,1146,2006,403,0,792.0,5,Credit
1474,2025-05-04,1073,2062,401,1,1114.85,20,Debit
1475,2025-05-04,1129,2009,403,2,0.0,10,Debit
1476,2025-05-04,1033,2078,403,2,340.82,10,Credit
1477,2025-05-04,1065,2001,401,1,371.12,15,Debit
1478,2025-05-04,1151,2094,402,3,493.35,5,Credit
1479,2025-05-04,1094,2022,403,1,0.0,20,Credit
1480,2025-05-04,1124,2023,401,2,2254.9,10,Debit
1481,2025-05-04,1021,2018,402,3,542.26,10,Debit
1482,2025-05-04,1192,2052,404,1,0.0,15,Credit
1483,2025-05-04,1169,2056,402,1,944.5,5,Debit
1484,2025-05-04,1147,2093,403,0,2267.82,20,Credit
1485,2025-05-04,1164,2033,401,0,836.25,10,Credit
1486,2025-05-04,1042,2059,404,3,3072.3,10,Debit
1487,2025-05-04,1077,2060,402,3,1633.52,15,Debit
1488,2025-05-04,1174,2090,404,3,286.56,5,Credit
1489,2025-05-04,1067,2018,404,0,2169.04,20,Debit
1490,2025-05-04,1073,2057,404,2,349.58,10,Credit
1491,2025-05-04,1135,2087,401,0,318.64,10,Credit
1492,2025-05-04,1136,2081,403,3,2238.66,15,Debit
1493,2025-05-04,1156,2083,403,2,1229.06,5,Debit
1494,2025-05-04,1069,2034,401,2,217.87,20,Credit
1495,2025-05-04,1167,2074,404,3,2638.0,10,Debit
1496,2025-05-04,1197,2086,402,1,2414.07,10,Credit
1497,2025-05-04,1133,2043,402,2,1397.52,15,Credit
1498,2025-05-04,1140,2001,401,0,1237.05,5,Debit
1499,2025-05-04,1003,2052,401,0,731.26,20,Debit
1500,2025-05-04,1175,2057,403,1,1179.85,10,Credit
1501,2025-05-04,1185,2036,403,1,980.91,10,Debit
1502,2025-05-04,1008,2003,401,0,0.0,15,Credit
1503,2025-05-04,1152,2084,402,0,281.85,5,Credit
1504,2025-05-04,1181,2015,401,1,1214.95,20,Debit
1505,2025-05-04,1096,2084,402,0,0.0,10,Debit
1506,2025-05-04,1178,2023,403,2,1503.26,10,Credit
1507,2025-05-04,1119,2084,401,3,0.0,15,Debit
1508,2025-05-04,1070,2098,404,2,1452.58,5,Credit
1509,2025-05-04,1065,2020,401,2,300.66,20,Credit
1510,2025-05-04,1198,2007,404,3,2333.56,10,Debit
1511,2025-05-04,1085,2007,403,2,933.42,10,Debit
1512,2025-05-04,1045,2056,401,3,3148.32,15,Credit
1513,2025-05-04,1051,2078,404,1,383.43,5,Debit
1514,2025-05-04,1165,2062,401,1,557.42,20,Credit
1515,2025-05-04,1138,2098,404,1,817.07,10,Credit
1516,2025-05-04,1157,2082,401,3,1066.4,10,Debit
1517,2025-05-04,1183,2033,401,0,0.0,15,Debit
1518,2025-05-04,1018,2009,403,3,0.0,5,Credit
1519,2025-05-04,1004,2063,402,0,552.46,20,Debit
1520,2025-05-04,1009,2085,404,2,193.72,10,Credit
1521,2025-05-04,1038,2089,403,3,1240.56,10,Credit
1522,2025-05-04,1147,2000,404,3,4846.55,15,Debit
1523,2025-05-04,1111,2051,401,1,211.18,5,Debit
1524,2025-05-04,1000,2049,404,0,5639.04,20,Credit
1525,2025-05-04,1145,2068,403,2,656.19,10,Debit
1526,2025-05-04,1174,2038,404,0,1853.02,10,Credit
1527,2025-05-04,1161,2082,401,2,213.28,15,Credit
1528,2025-05-04,1136,2043,401,3,3493.8,5,Debit
1529,2025-05-04,1194,2098,403,1,2451.22,20,Debit
1530,2025-05-04,1045,2070,401,3,102.54,10,Credit
1531,2025-05-04,1169,2024,403,3,621.35,10,Debit
1532,2025-05-04,1027,2080,403,3,2496.78,15,Credit
1533,2025-05-04,1021,2080,404,1,2247.1,5,Credit
1534,2025-05-04,1035,2004,402,0,1854.5,20,Debit
1535,2025-05-04,1184,2075,402,3,2341.92,10,Debit
1536,2025-05-04,1099,2008,403,3,66.59,10,Credit
1537,2025-05-04,1136,2057,401,0,1310.94,15,Debit
1538,2025-05-04,1086,2007,403,0,1750.17,5,Credit
1539,2025-05-04,1103,2015,402,3,2024.91,20,Credit
1540,2025-05-04,1173,2068,402,1,0.0,10,Debit
1541,2025-05-04,1018,2004,402,3,927.25,10,Debit
1542,2025-05-04,1167,2002,404,0,866.0,15,Credit
1543,2025-05-04,1062,2089,402,0,2067.6,5,Debit
1544,2025-05-04,1044,2080,401,2,665.81,20,Credit
1545,2025-05-04,1024,2058,402,0,2000.25,10,Credit
1546,2025-05-04,1027,2014,404,1,443.34,10,Debit
1547,2025-05-04,1016,2025,404,2,671.09,15,Debit
1548,2025-05-04,1188,2086,404,2,2861.12,5,Credit
1549,2025-05-04,1030,2087,402,2,382.37,20,Debit
1550,2025-05-04,1054,2097,401,1,2273.67,10,Credit
1551,2025-05-04,1085,2008,401,2,106.54,10,Credit
1552,2025-05-04,1036,2096,404,1,1814.89,15,Debit
1553,2025-05-04,1178,2047,402,3,1004.94,5,Debit
1554,2025-05-04,1062,2074,401,1,1187.1,20,Credit
1555,2025-05-04,1025,2080,404,1,3745.17,10,Debit
1556,2025-05-04,1004,2062,401,0,2477.44,10,Credit
1557,2025-05-04,1001,2022,401,2,536.94,15,Credit
1558,2025-05-04,1106,2088,404,1,1276.83,5,Debit
1559,2025-05-04,1052,2018,403,3,2169.04,20,Debit
1560,2025-05-04,1105,2030,402,0,339.94,10,Credit
1561,2025-05-04,1152,2023,404,0,1879.08,10,Debit
1562,2025-05-04,1160,2038,403,3,0.0,15,Credit
1563,2025-05-04,1001,2071,402,1,1660.93,5,Credit
1564,2025-05-04,1030,2067,401,2,465.52,20,Debit
1565,2025-05-04,1194,2069,402,3,929.56,10,Debit
1566,2025-05-04,1197,2080,402,2,1331.62,10,Credit
1567,2025-05-04,1013,2024,401,1,335.53,15,Debit
1568,2025-05-04,1175,2060,404,1,735.08,5,Credit
1569,2025-05-04,1040,2085,401,0,484.3,20,Credit
1570,2025-05-04,1165,2046,403,1,60.17,10,Debit
1571,2025-05-04,1111,2032,403,3,3782.4,10,Debit
1572,2025-05-04,1011,2013,401,1,1683.65,15,Credit
1573,2025-05-04,1040,2003,404,0,385.18,5,Debit
1574,2025-05-04,1018,2030,404,2,135.98,20,Credit
1575,2025-05-04,1107,2025,403,1,754.97,10,Credit
1576,2025-05-04,1199,2014,403,1,0.0,10,Debit
1577,2025-05-04,1025,2030,404,1,0.0,15,Debit
1578,2025-05-04,1096,2028,401,3,2551.76,5,Credit
1579,2025-05-04,1149,2062,401,3,1858.08,20,Debit
1580,2025-05-04,1037,2027,404,1,465.5,10,Credit
1581,2025-05-04,1099,2047,402,3,0.0,10,Credit
1582,2025-05-04,1184,2024,403,2,198.83,15,Debit
1583,2025-05-04,1051,2042,402,0,167.61,5,Debit
1584,2025-05-04,1177,2072,401,2,672.48,20,Credit
1585,2025-05-04,1034,2014,404,3,985.2,10,Debit
1586,2025-05-04,1107,2021,403,1,751.87,10,Credit
1587,2025-05-04,1075,2077,402,1,2528.24,15,Credit
1588,2025-05-04,1147,2070,402,0,34.18,5,Debit
1589,2025-05-04,1105,2066,404,1,928.91,20,Debit
1590,2025-05-04,1151,2060,404,2,653.41,10,Credit
1591,2025-05-04,1003,2093,404,1,680.35,10,Debit
1592,2025-05-04,1063,2041,404,1,2171.37,15,Credit
1593,2025-05-04,1151,2019,401,3,933.93,5,Credit
1594,2025-05-04,1011,2005,404,0,428.78,20,Debit
1595,2025-05-04,1108,2067,404,3,290.95,10,Debit
1596,2025-05-04,1178,2012,404,3,623.19,10,Credit
1597,2025-05-04,1061,2010,401,3,389.2,15,Debit
1598,2025-05-04,1055,2016,403,2,0.0,5,Credit
1599,2025-05-04,1061,2082,401,0,266.6,20,Credit
1600,2025-05-04,1122,2085,403,1,217.94,10,Debit
1601,2025-05-04,1180,2058,401,3,666.75,10,Debit
1602,2025-05-04,1118,2098,402,3,907.86,15,Credit
1603,2025-05-04,1047,2047,404,0,334.98,5,Debit
1604,2025-05-04,1160,2009,404,2,0.0,20,Credit
1605,2025-05-04,1135,2004,403,3,3709.0,10,Credit
1606,2025-05-04,1192,2034,402,0,0.0,10,Debit
1607,2025-05-04,1158,2042,401,2,402.26,15,Debit
1608,2025-05-04,1013,2014,404,2,197.04,5,Credit
1609,2025-05-04,1119,2079,401,2,4562.59,20,Debit
1610,2025-05-04,1093,2022,401,1,604.06,10,Credit
1611,2025-05-04,1035,2042,402,0,335.22,10,Credit
1612,2025-05-04,1166,2061,402,1,179.93,15,Debit
1613,2025-05-04,1082,2045,403,3,312.14,5,Debit
1614,2025-05-04,1070,2006,401,2,633.6,20,Credit
1615,2025-05-04,1088,2057,404,0,436.98,10,Debit
1616,2025-05-04,1120,2090,403,3,214.92,10,Credit
1617,2025-05-04,1158,2047,401,1,904.45,15,Credit
1618,2025-05-04,1117,2011,401,3,0.0,5,Debit
1619,2025-05-04,1045,2036,401,0,217.98,20,Debit
1620,2025-05-04,1042,2035,401,1,809.99,10,Credit
1621,2025-05-04,1127,2019,402,0,933.93,10,Debit
1622,2025-05-04,1075,2053,402,3,2440.6,15,Credit
1623,2025-05-04,1088,2053,404,0,610.15,5,Credit
1624,2025-05-04,1074,2024,401,0,248.54,20,Debit
1625,2025-05-04,1059,2066,403,3,2064.24,10,Debit
1626,2025-05-04,1148,2043,403,3,873.45,10,Credit
1627,2025-05-04,1151,2085,404,3,726.45,15,Debit
1628,2025-05-04,1077,2072,402,2,1008.72,5,Credit
1629,2025-05-04,1043,2033,402,3,836.25,20,Credit
1630,2025-05-04,1095,2036,401,1,392.36,10,Debit
1631,2025-05-04,1090,2036,404,1,588.55,10,Debit
1632,2025-05-04,1158,2020,403,1,676.49,15,Credit
1633,2025-05-04,1044,2090,402,1,0.0,5,Debit
1634,2025-05-04,1060,2014,401,2,591.12,20,Credit
1635,2025-05-04,1147,2016,404,2,516.83,10,Credit
1636,2025-05-04,1094,2023,402,0,1879.08,10,Debit
1637,2025-05-04,1170,2040,403,1,0.0,15,Debit
1638,2025-05-04,1095,2057,402,2,349.58,5,Credit
1639,2025-05-04,1031,2003,404,3,0.0,20,Debit
1640,2025-05-04,1196,2018,404,2,433.81,10,Credit
1641,2025-05-04,1039,2000,403,2,775.45,10,Credit
1642,2025-05-04,1121,2037,402,3,1080.42,15,Debit
1643,2025-05-04,1086,2088,401,3,2837.4,5,Debit
1644,2025-05-04,1010,2017,401,2,1112.88,20,Credit
1645,2025-05-04,1006,2051,402,3,351.96,10,Debit
1646,2025-05-04,1091,2011,403,0,819.48,10,Credit
1647,2025-05-04,1155,2082,402,1,959.76,15,Credit
1648,2025-05-04,1005,2098,403,1,817.07,5,Debit
1649,2025-05-04,1005,2010,404,0,233.52,20,Debit
1650,2025-05-04,1131,2050,402,3,747.12,10,Credit
1651,2025-05-04,1081,2077,401,2,1797.86,10,Debit
1652,2025-05-04,1101,2018,404,2,867.62,15,Credit
1653,2025-05-04,1098,2047,401,2,1071.94,5,Credit
1654,2025-05-04,1088,2044,403,3,830.32,20,Debit
1655,2025-05-04,1143,2011,402,3,1229.22,10,Debit
1656,2025-05-04,1189,2053,404,2,1464.36,10,Credit
1657,2025-05-04,1041,2093,404,3,2267.82,15,Debit
1658,2025-05-04,1035,2075,401,1,1405.15,5,Credit
1659,2025-05-04,1053,2038,404,2,2964.83,20,Credit
1660,2025-05-04,1016,2075,404,0,3122.56,10,Debit
1661,2025-05-04,1001,2052,403,3,731.26,10,Debit
1662,2025-05-04,1044,2071,404,1,553.64,15,Credit
1663,2025-05-04,1051,2023,404,2,0.0,5,Debit
1664,2025-05-04,1141,2062,401,2,1486.46,20,Credit
1665,2025-05-04,1149,2038,404,3,926.51,10,Credit
1666,2025-05-04,1057,2003,401,1,2079.97,10,Debit
1667,2025-05-04,1067,2038,404,0,926.51,15,Debit
1668,2025-05-04,1167,2085,403,3,242.15,5,Credit
1669,2025-05-04,1045,2062,402,0,1858.08,20,Debit
1670,2025-05-04,1030,2097,403,3,3368.4,10,Credit
1671,2025-05-04,1017,2076,403,3,0.0,10,Credit
1672,2025-05-04,1144,2055,403,3,161.82,15,Debit
1673,2025-05-04,1177,2015,403,0,674.97,5,Debit
1674,2025-05-04,1066,2020,401,1,1014.74,20,Credit
1675,2025-05-04,1081,2059,402,2,409.64,10,Debit
1676,2025-05-04,1041,2006,403,2,475.2,10,Credit
1677,2025-05-04,1107,2081,403,0,3731.1,15,Credit
1678,2025-05-04,1074,2037,401,1,0.0,5,Debit
1679,2025-05-04,1196,2080,402,0,832.26,20,Debit
1680,2025-05-04,1153,2096,402,2,1075.49,10,Credit
1681,2025-05-04,1080,2087,403,2,127.46,10,Debit
1682,2025-05-04,1175,2089,403,0,2067.6,15,Credit
1683,2025-05-04,1136,2074,403,1,593.55,5,Credit
1684,2025-05-04,1003,2017,403,2,1112.88,20,Debit
1685,2025-05-04,1199,2062,404,2,990.98,10,Debit
1686,2025-05-04,1041,2013,402,1,1683.65,10,Credit
1687,2025-05-04,1128,2028,402,0,0.0,15,Debit
1688,2025-05-04,1106,2058,401,0,1333.5,5,Credit
1689,2025-05-04,1033,2002,404,2,1385.6,20,Credit
1690,2025-05-04,1079,2088,403,1,2553.66,10,Debit
1691,2025-05-04,1113,2076,403,1,0.0,10,Debit
1692,2025-05-04,1181,2038,401,0,2779.53,15,Credit
1693,2025-05-04,1056,2016,402,1,872.15,5,Debit
1694,2025-05-04,1078,2016,402,1,872.15,20,Credit
1695,2025-05-04,1020,2054,401,0,1801.02,10,Credit
1696,2025-05-04,1004,2099,404,3,0.0,10,Debit
1697,2025-05-04,1010,2025,401,0,559.24,15,Debit
1698,2025-05-04,1168,2065,401,3,1411.02,5,Credit
1699,2025-05-04,1030,2032,401,0,945.6,20,Debit
1700,2025-05-04,1077,2085,401,0,0.0,10,Credit
1701,2025-05-04,1005,2015,402,1,0.0,10,Credit
1702,2025-05-04,1047,2085,403,0,242.15,15,Debit
1703,2025-05-04,1023,2018,403,2,0.0,5,Debit
1704,2025-05-04,1090,2020,402,0,751.66,20,Credit
1705,2025-05-04,1025,2074,401,1,593.55,10,Debit
1706,2025-05-04,1183,2024,403,1,335.53,10,Credit
1707,2025-05-04,1193,2068,401,0,820.24,15,Credit
1708,2025-05-04,1054,2064,404,2,235.23,5,Debit
1709,2025-05-04,1178,2075,402,3,5464.48,20,Debit
1710,2025-05-04,1172,2013,402,2,2244.86,10,Credit
1711,2025-05-04,1097,2054,402,1,810.46,10,Debit
1712,2025-05-04,1104,2014,403,0,246.3,15,Credit
1713,2025-05-04,1119,2014,402,3,1231.5,5,Credit
1714,2025-05-04,1195,2046,403,0,100.29,20,Debit
1715,2025-05-04,1021,2041,404,0,0.0,10,Debit
1716,2025-05-04,1098,2036,404,2,0.0,10,Credit
1717,2025-05-04,1175,2056,402,3,2098.88,15,Debit
1718,2025-05-04,1074,2054,402,0,2701.53,5,Credit
1719,2025-05-04,1121,2086,403,1,3218.76,20,Credit
1720,2025-05-04,1003,2086,404,0,1788.2,10,Debit
1721,2025-05-04,1101,2056,401,0,524.72,10,Debit
1722,2025-05-04,1036,2050,404,0,747.12,15,Credit
1723,2025-05-04,1189,2021,401,2,1336.66,5,Debit
1724,2025-05-04,1050,2043,402,3,873.45,20,Credit
1725,2025-05-04,1031,2029,404,3,40.53,10,Credit
1726,2025-05-04,1071,2097,403,3,2526.3,10,Debit
1727,2025-05-04,1091,2060,404,3,1225.14,15,Debit
1728,2025-05-04,1130,2035,402,3,899.99,5,Credit
1729,2025-05-04,1027,2015,403,3,0.0,20,Debit
1730,2025-05-04,1127,2029,402,0,40.53,10,Credit
1731,2025-05-04,1025,2094,401,0,1973.4,10,Credit
1732,2025-05-04,1127,2086,401,1,4828.14,15,Debit
1733,2025-05-04,1097,2077,403,1,2022.59,5,Debit
1734,2025-05-04,1077,2079,401,0,1901.08,20,Credit
1735,2025-05-04,1169,2096,404,3,672.18,10,Debit
1736,2025-05-04,1051,2037,404,3,1800.7,10,Credit
1737,2025-05-04,1129,2033,403,0,1672.5,15,Credit
1738,2025-05-04,1195,2004,404,0,2781.75,5,Debit
1739,2025-05-04,1098,2057,403,3,1310.94,20,Debit
1740,2025-05-04,1113,2058,401,0,2000.25,10,Credit
1741,2025-05-04,1045,2071,403,1,0.0,10,Debit
1742,2025-05-04,1125,2055,402,2,86.3,15,Credit
1743,2025-05-04,1183,2049,404,0,1879.68,5,Credit
1744,2025-05-04,1145,2086,404,3,2682.3,20,Debit
1745,2025-05-04,1121,2071,402,0,1845.48,10,Debit
1746,2025-05-04,1100,2033,404,3,2508.75,10,Credit
1747,2025-05-04,1157,2086,403,2,1430.56,15,Debit
1748,2025-05-04,1082,2007,401,0,1750.17,5,Credit
1749,2025-05-04,1032,2046,403,0,167.15,20,Credit
1750,2025-05-04,1195,2080,403,3,3329.04,10,Debit
1751,2025-05-04,1024,2054,403,2,0.0,10,Debit
1752,2025-05-04,1105,2044,401,1,373.64,15,Credit
1753,2025-05-04,1063,2030,403,0,509.91,5,Debit
1754,2025-05-04,1176,2008,403,0,133.18,20,Credit
1755,2025-05-04,1086,2021,401,2,2004.98,10,Credit
1756,2025-05-04,1009,2058,404,3,2000.25,10,Debit
1757,2025-05-04,1068,2002,404,0,0.0,15,Debit
1758,2025-05-04,1081,2048,404,2,572.21,5,Credit
1759,2025-05-04,1146,2012,404,0,623.19,20,Debit
1760,2025-05-04,1176,2086,402,2,1430.56,10,Credit
1761,2025-05-04,1127,2064,403,1,529.27,10,Credit
1762,2025-05-04,1157,2038,403,3,4632.55,15,Debit
1763,2025-05-04,1051,2063,401,1,0.0,5,Debit
1764,2025-05-04,1073,2033,401,2,1338.0,20,Credit
1765,2025-05-04,1146,2051,402,0,0.0,10,Debit
1766,2025-05-04,1183,2074,401,2,0.0,10,Credit
1767,2025-05-04,1069,2008,404,3,66.59,15,Credit
1768,2025-05-04,1053,2044,401,2,332.13,5,Debit
1769,2025-05-04,1129,2038,404,2,0.0,20,Debit
1770,2025-05-04,1051,2053,404,2,488.12,10,Credit
1771,2025-05-04,1159,2065,404,1,1693.22,10,Debit
1772,2025-05-04,1004,2080,402,3,3329.04,15,Credit
1773,2025-05-04,1054,2084,404,2,901.92,5,Credit
1774,2025-05-04,1163,2068,404,0,1640.48,20,Debit
1775,2025-05-04,1133,2025,403,3,838.86,10,Debit
1776,2025-05-04,1037,2030,402,2,271.95,10,Credit
1777,2025-05-04,1111,2052,403,0,731.26,15,Debit
1778,2025-05-04,1162,2026,404,2,169.25,5,Credit
1779,2025-05-04,1073,2082,402,2,213.28,20,Credit
1780,2025-05-04,1175,2076,402,3,806.07,10,Debit
1781,2025-05-04,1061,2014,402,1,665.01,10,Debit
1782,2025-05-04,1007,2031,403,3,1695.9,15,Credit
1783,2025-05-04,1124,2071,404,3,1845.48,5,Debit
1784,2025-05-04,1165,2004,402,1,1669.05,20,Credit
1785,2025-05-04,1069,2017,401,2,0.0,10,Credit
1786,2025-05-04,1071,2084,402,0,281.85,10,Debit
1787,2025-05-04,1184,2062,401,0,2477.44,15,Debit
1788,2025-05-04,1021,2040,403,0,69.08,5,Credit
1789,2025-05-04,1104,2046,401,3,167.15,20,Debit
1790,2025-05-04,1185,2017,402,0,1854.8,10,Credit
1791,2025-05-04,1146,2094,401,2,789.36,10,Credit
1792,2025-05-04,1127,2011,402,0,409.74,15,Debit
1793,2025-05-04,1197,2040,403,3,138.16,5,Debit
1794,2025-05-04,1191,2095,402,3,1963.16,20,Credit
1795,2025-05-04,1055,2018,401,1,488.03,10,Debit
1796,2025-05-04,1054,2035,404,3,899.99,10,Credit
1797,2025-05-04,1065,2075,401,3,3903.2,15,Credit
1798,2025-05-04,1136,2047,401,2,267.98,5,Debit
1799,2025-05-04,1139,2054,404,1,3241.84,20,Debit
1800,2025-05-04,1071,2018,403,3,0.0,10,Credit
1801,2025-05-04,1183,2047,403,0,1004.94,10,Debit
1802,2025-05-04,1165,2077,401,0,1685.49,15,Credit
1803,2025-05-04,1176,2085,402,2,581.16,5,Credit
1804,2025-05-04,1141,2049,403,2,1503.74,20,Debit
1805,2025-05-04,1175,2015,402,3,674.97,10,Debit
1806,2025-05-04,1099,2001,404,2,0.0,10,Credit
1807,2025-05-04,1077,2011,402,2,655.58,15,Debit
1808,2025-05-04,1053,2020,404,2,601.33,5,Credit
1809,2025-05-04,1196,2082,404,0,533.2,20,Credit
1810,2025-05-04,1070,2010,404,3,311.36,10,Debit
1811,2025-05-04,1188,2052,403,3,2925.04,10,Debit
1812,2025-05-04,1025,2020,403,0,375.83,15,Credit
1813,2025-05-04,1090,2053,403,3,1830.45,5,Debit
1814,2025-05-04,1177,2003,401,1,346.66,20,Credit
1815,2025-05-04,1161,2056,402,0,1049.44,10,Credit
1816,2025-05-04,1102,2025,403,2,0.0,10,Debit
1817,2025-05-04,1147,2010,401,1,70.06,15,Debit
1818,2025-05-04,1063,2066,402,3,516.06,5,Credit
1819,2025-05-04,1081,2057,404,1,786.56,20,Debit
1820,2025-05-04,1066,2022,403,2,536.94,10,Credit
1821,2025-05-04,1050,2010,404,2,62.27,10,Credit
1822,2025-05-04,1046,2050,404,1,336.2,15,Debit
1823,2025-05-04,1005,2002,402,0,3464.0,5,Debit
1824,2025-05-04,1118,2025,403,1,0.0,20,Credit
1825,2025-05-04,1012,2051,404,2,93.86,10,Debit
1826,2025-05-04,1038,2011,403,1,1475.06,10,Credit
1827,2025-05-04,1145,2015,401,3,2024.91,15,Credit
1828,2025-05-04,1197,2058,404,0,666.75,5,Debit
1829,2025-05-04,1057,2091,402,1,815.21,20,Debit
1830,2025-05-04,1005,2034,403,3,544.68,10,Credit
1831,2025-05-04,1097,2016,404,1,290.72,10,Debit
1832,2025-05-04,1153,2027,403,1,698.25,15,Credit
1833,2025-05-04,1107,2023,404,1,2536.76,5,Credit
1834,2025-05-04,1007,2037,403,1,648.25,20,Debit
1835,2025-05-04,1158,2057,402,2,699.17,10,Debit
1836,2025-05-04,1149,2087,404,0,637.28,10,Credit
1837,2025-05-04,1002,2060,402,2,326.7,15,Debit
1838,2025-05-04,1177,2050,402,3,186.78,5,Credit
1839,2025-05-04,1181,2054,403,0,1801.02,20,Credit
1840,2025-05-04,1024,2071,401,0,615.16,10,Debit
1841,2025-05-04,1085,2030,404,2,407.93,10,Debit
1842,2025-05-04,1155,2085,401,0,726.45,15,Credit
1843,2025-05-04,1064,2064,404,2,940.93,5,Debit
1844,2025-05-04,1101,2085,403,1,217.94,20,Credit
1845,2025-05-04,1143,2005,402,2,343.02,10,Credit
1846,2025-05-04,1043,2064,404,2,235.23,10,Debit
1847,2025-05-04,1119,2016,401,2,258.42,15,Debit
1848,2025-05-04,1181,2067,404,1,523.71,5,Credit
1849,2025-05-04,1066,2014,403,0,0.0,20,Debit
1850,2025-05-04,1032,2063,403,2,441.97,10,Credit
1851,2025-05-04,1110,2036,403,2,348.77,10,Credit
1852,2025-05-04,1132,2040,404,1,124.34,15,Debit
1853,2025-05-04,1080,2094,404,1,0.0,5,Debit
1854,2025-05-04,1142,2084,404,0,0.0,20,Credit
1855,2025-05-04,1048,2019,401,1,840.54,10,Debit
1856,2025-05-04,1046,2004,404,2,741.8,10,Credit
1857,2025-05-04,1041,2090,404,3,358.2,15,Credit
1858,2025-05-04,1029,2063,401,3,1657.38,5,Debit
1859,2025-05-04,1091,2090,404,3,214.92,20,Debit
1860,2025-05-04,1126,2014,402,0,492.6,10,Credit
1861,2025-05-04,1089,2011,402,2,1638.96,10,Debit
1862,2025-05-04,1046,2021,403,1,2255.61,15,Credit
1863,2025-05-04,1149,2000,402,3,4846.55,5,Credit
1864,2025-05-04,1019,2031,404,0,1695.9,20,Debit
1865,2025-05-04,1084,2003,403,0,0.0,10,Debit
1866,2025-05-04,1100,2047,401,2,803.95,10,Credit
1867,2025-05-04,1039,2003,401,3,1155.54,15,Debit
1868,2025-05-04,1181,2084,404,3,1127.4,5,Credit
1869,2025-05-04,1160,2034,401,2,326.81,20,Credit
1870,2025-05-04,1011,2083,404,2,614.53,10,Debit
1871,2025-05-04,1187,2093,402,1,680.35,10,Debit
1872,2025-05-04,1012,2082,403,2,853.12,15,Credit
1873,2025-05-04,1014,2095,401,3,0.0,5,Debit
1874,2025-05-04,1023,2051,403,1,211.18,20,Credit
1875,2025-05-04,1061,2098,404,0,2723.58,10,Credit
1876,2025-05-04,1005,2026,402,3,211.56,10,Debit
1877,2025-05-04,1199,2051,403,1,0.0,15,Debit
1878,2025-05-04,1030,2038,404,3,3706.04,5,Credit
1879,2025-05-04,1188,2039,402,2,1562.3,20,Debit
1880,2025-05-04,1170,2012,403,1,560.87,10,Credit
1881,2025-05-04,1125,2057,404,3,1310.94,10,Credit
1882,2025-05-04,1068,2072,404,0,420.3,15,Debit
1883,2025-05-04,1193,2054,403,1,0.0,5,Debit
1884,2025-05-04,1111,2080,404,0,1664.52,20,Credit
1885,2025-05-04,1010,2065,403,3,0.0,10,Debit
1886,2025-05-04,1173,2028,402,3,2551.76,10,Credit
1887,2025-05-04,1134,2080,401,2,1331.62,15,Credit
1888,2025-05-04,1119,2055,401,3,269.7,5,Debit
1889,2025-05-04,1076,2019,402,2,747.14,20,Debit
1890,2025-05-04,1063,2066,404,2,0.0,10,Credit
1891,2025-05-04,1145,2006,401,0,0.0,10,Debit
1892,2025-05-04,1131,2013,404,3,4676.8,15,Credit
1893,2025-05-04,1024,2059,403,2,0.0,5,Credit
1894,2025-05-04,1065,2074,401,0,3297.5,20,Debit
1895,2025-05-04,1029,2094,404,1,0.0,10,Debit
1896,2025-05-04,1046,2050,401,0,560.34,10,Credit
1897,2025-05-04,1106,2090,403,2,114.62,15,Debit
1898,2025-05-04,1150,2092,404,3,482.21,5,Credit
1899,2025-05-04,1159,2033,403,1,752.62,20,Credit
1900,2025-05-04,1054,2023,401,2,751.63,10,Debit
1901,2025-05-04,1172,2013,404,0,1870.72,10,Debit
1902,2025-05-04,1001,2050,401,0,560.34,15,Credit
1903,2025-05-04,1043,2083,404,3,2304.48,5,Debit
1904,2025-05-04,1177,2051,404,2,281.57,20,Credit
1905,2025-05-04,1158,2078,403,3,568.04,10,Credit
1906,2025-05-04,1077,2011,402,1,368.77,10,Debit
1907,2025-05-04,1003,2024,401,0,248.54,15,Debit
1908,2025-05-04,1178,2024,401,1,223.69,5,Credit
1909,2025-05-04,1123,2083,402,1,1382.69,20,Debit
1910,2025-05-04,1111,2080,402,0,3329.04,10,Credit
1911,2025-05-04,1077,2098,404,1,817.07,10,Credit
1912,2025-05-04,1121,2054,401,0,0.0,15,Debit
1913,2025-05-04,1042,2019,404,3,933.93,5,Debit
1914,2025-05-04,1120,2002,404,1,1558.8,20,Credit
1915,2025-05-04,1051,2037,404,0,0.0,10,Debit
1916,2025-05-04,1085,2001,401,3,412.35,10,Credit
1917,2025-05-04,1106,2063,403,0,0.0,15,Credit
1918,2025-05-04,1124,2051,404,3,351.96,5,Debit
1919,2025-05-04,1059,2091,401,0,1811.58,20,Debit
1920,2025-05-04,1108,2073,403,0,1498.29,10,Credit
1921,2025-05-04,1068,2082,404,3,0.0,10,Debit
1922,2025-05-04,1029,2063,403,3,3314.76,15,Credit
1923,2025-05-04,1178,2055,401,1,242.73,5,Credit
1924,2025-05-04,1073,2092,402,3,482.21,20,Debit
1925,2025-05-04,1088,2056,402,1,1888.99,10,Debit
1926,2025-05-04,1150,2087,403,3,477.96,10,Credit
1927,2025-05-04,1033,2037,404,3,1440.56,15,Debit
1928,2025-05-04,1172,2083,403,3,2304.48,5,Credit
1929,2025-05-04,1041,2079,402,2,2281.3,20,Credit
1930,2025-05-04,1176,2095,401,3,1472.37,10,Debit
1931,2025-05-04,1033,2022,402,1,1208.12,10,Debit
1932,2025-05-04,1155,2062,401,3,1858.08,15,Credit
1933,2025-05-04,1126,2038,402,1,1667.72,5,Debit
1934,2025-05-04,1142,2006,401,2,0.0,20,Credit
1935,2025-05-04,1066,2045,402,1,1123.7,10,Credit
1936,2025-05-04,1128,2004,401,2,2967.2,10,Debit
1937,2025-05-04,1110,2014,402,0,246.3,15,Debit
1938,2025-05-04,1143,2028,404,2,1531.06,5,Credit
1939,2025-05-04,1087,2045,401,2,0.0,20,Debit
1940,2025-05-04,1038,2088,401,0,1418.7,10,Credit
1941,2025-05-04,1112,2058,401,0,0.0,10,Credit
1942,2025-05-04,1005,2078,401,0,426.03,15,Debit
1943,2025-05-04,1129,2013,402,0,1870.72,5,Debit
1944,2025-05-04,1052,2046,402,2,26.74,20,Credit
1945,2025-05-04,1181,2056,404,0,0.0,10,Debit
1946,2025-05-04,1039,2082,403,2,0.0,10,Credit
1947,2025-05-04,1035,2015,402,3,3374.85,15,Credit
1948,2025-05-04,1106,2098,401,1,1634.15,5,Debit
1949,2025-05-04,1121,2043,403,1,1572.21,20,Debit
1950,2025-05-04,1021,2034,403,3,544.68,10,Credit
1951,2025-05-04,1092,2080,402,1,3745.17,10,Debit
1952,2025-05-04,1192,2096,404,1,1814.89,15,Credit
1953,2025-05-04,1035,2054,404,3,0.0,5,Credit
1954,2025-05-04,1117,2066,403,0,0.0,20,Debit
1955,2025-05-04,1113,2018,401,0,1084.52,10,Debit
1956,2025-05-04,1021,2043,403,3,2620.35,10,Credit
1957,2025-05-04,1197,2021,404,0,1670.82,15,Debit
1958,2025-05-04,1100,2097,401,1,2273.67,5,Credit
1959,2025-05-04,1147,2007,403,3,0.0,20,Credit
1960,2025-05-04,1102,2087,403,2,0.0,10,Debit
1961,2025-05-04,1088,2001,403,1,1113.34,10,Debit
1962,2025-05-04,1179,2051,404,1,211.18,15,Credit
1963,2025-05-04,1139,2079,404,2,2281.3,5,Debit
1964,2025-05-04,1005,2083,404,1,691.34,20,Credit
1965,2025-05-04,1077,2010,401,2,186.82,10,Credit
1966,2025-05-04,1099,2092,402,2,1157.3,10,Debit
1967,2025-05-04,1054,2011,403,2,327.79,15,Debit
1968,2025-05-04,1193,2081,402,0,2238.66,5,Credit
1969,2025-05-04,1007,2069,403,1,836.6,20,Debit
1970,2025-05-04,1198,2038,404,0,1853.02,10,Credit
1971,2025-05-04,1187,2007,403,2,466.71,10,Credit
1972,2025-05-04,1160,2064,403,0,1176.16,15,Debit
1973,2025-05-04,1012,2096,401,3,672.18,5,Debit
1974,2025-05-04,1076,2073,401,3,499.43,20,Credit
1975,2025-05-04,1086,2030,402,2,407.93,10,Debit
1976,2025-05-04,1076,2036,402,3,217.98,10,Credit
1977,2025-05-04,1133,2094,402,0,1973.4,15,Credit
1978,2025-05-04,1083,2066,402,2,1238.54,5,Debit
1979,2025-05-04,1116,2012,402,3,0.0,20,Debit
1980,2025-05-04,1105,2010,401,0,155.68,10,Credit
1981,2025-05-04,1108,2016,404,1,872.15,10,Debit
1982,2025-05-04,1114,2009,403,3,198.93,15,Credit
1983,2025-05-04,1150,2071,404,2,492.13,5,Credit
1984,2025-05-04,1149,2063,404,3,2762.3,20,Debit
1985,2025-05-04,1176,2062,404,1,557.42,10,Debit
1986,2025-05-04,1036,2064,402,3,294.04,10,Credit
1987,2025-05-04,1182,2058,402,0,0.0,15,Debit
1988,2025-05-04,1177,2027,404,3,1034.44,5,Credit
1989,2025-05-04,1008,2095,402,2,0.0,20,Credit
1990,2025-05-04,1030,2077,404,0,1123.66,10,Debit
1991,2025-05-04,1030,2047,403,0,334.98,10,Debit
1992,2025-05-04,1133,2019,401,2,747.14,15,Credit
1993,2025-05-04,1078,2047,403,2,535.97,5,Debit
1994,2025-05-04,1124,2003,402,1,1386.65,20,Credit
1995,2025-05-04,1005,2075,404,0,3122.56,10,Credit
1996,2025-05-04,1078,2036,402,1,588.55,10,Debit
1997,2025-05-04,1189,2062,401,0,2477.44,15,Debit
1998,2025-05-04,1140,2044,401,0,207.58,5,Credit
1999,2025-05-04,1106,2061,403,3,599.76,20,Debit
2000,2025-05-04,1086,2048,404,1,321.87,10,Credit
6,2025-05-04,1089,2028,401,0,1275.88,10,Credit